idptar;nomptar;STIF;CodeINSEE;X;Y;coord;UFR;AnnonceSonoreProchainPassage;AnnonceVisuelleProchainPassage;AnnonceSonoreSituationsPerturbees;AnnonceVisuelleSituationsPerturbees;PAQT;AccessibiliteQuaiTrain
1856;Les Sablons (Jardin d'acclimatation);1001100010001;92051;595260;2431446;48.8812991447, 2.27191517268;0;1;1;1;1;0;0
1887;La Défense (Grande Arche);1001100010001;92062;592772;2432620;48.8918267141, 2.23799203988;0;1;1;1;1;0;0
1751;Porte de Vincennes;1001100010001;75120;605457;2427632;48.8470164776, 2.410816879;0;1;1;1;1;0;0
2433;Porte Maillot;1001100010001;75117;596034;2431079;48.8780061355, 2.28246563667;0;1;1;1;1;0;0
1955;Gare de Lyon;1001100010001;75112;602713;2427468;48.8455597463, 2.37344920163;0;1;1;1;1;0;0
2036;Châtelet;1001100010001;75101;600839;2428915;48.8585696317, 2.3479332425;0;1;1;1;1;0;0
2498;Tuileries;1001100010001;75101;599456;2429606;48.8647801217, 2.3290949511;0;1;1;1;1;0;0
2067;Bérault;1001100010001;94080;606737;2427450;48.8453687094, 2.42824450629;0;1;1;1;1;0;0
2116;Bérault;1001100010001;94080;606737;2427450;48.8453687094, 2.42824450629;0;1;1;1;1;0;0
2258;Esplanade de la Défense;1001100010001;92062;593648;2432233;48.8883580194, 2.24993720953;0;1;1;1;1;0;0
1788;Philippe Auguste;1001100020001;75111;603908;2428895;48.8583788007, 2.38973472941;0;1;1;1;1;0;0
1989;Courcelles;1001100020001;75108;597563;2431219;48.8792721109, 2.30329854335;0;1;1;1;1;0;0
1694;Victor Hugo;1001100020001;75116;596236;2430173;48.8698648717, 2.28522620392;0;1;1;1;1;0;0
1822;Monceau;1001100020001;75108;598012;2431364;48.88057685, 2.30941594283;0;1;1;1;1;0;0
2079;Couronnes;1001100020001;75111;603232;2430113;48.8693291287, 2.38053636283;0;1;1;1;1;0;0
1900;Jaurès;1001100020001;75119;602454;2431608;48.882768506, 2.36994579566;0;1;1;1;1;0;0
2046;Anvers;1001100020001;75118;600562;2431619;48.8828716494, 2.34416356947;0;1;1;1;1;0;0
2058;Avron;1001100020001;75111;604533;2428096;48.8511937784, 2.39823913749;0;1;1;1;1;0;0
2107;Avron;1001100020001;75111;604533;2428096;48.8511937784, 2.39823913749;0;1;1;1;1;0;0
2375;Réaumur-Sébastopol;1001100030001;75102;601173;2429773;48.8662803178, 2.3524847935;0;1;1;1;1;0;0
1738;Porte de Champerret;1001100030001;75117;596724;2431939;48.8857391189, 2.29186061734;0;1;1;1;1;0;0
2099;Arts-et-Métiers;1001100030001;75103;601439;2429692;48.8655518229, 2.35610815179;0;1;1;1;1;0;0
1785;Père-Lachaise;1001100030001;75111;603699;2429403;48.8629456209, 2.38689240121;0;1;1;1;1;0;0
2395;Père-Lachaise;1001100030001;75111;603699;2429403;48.8629456209, 2.38689240121;0;1;1;1;1;0;0
2179;Courcelles;1001100020001;75108;597563;2431219;48.8792721109, 2.30329854335;0;1;1;1;1;0;0
1722;Saint-Lazare;1001100030001;75108;599199;2430819;48.8756814657, 2.32559158149;0;1;1;1;1;0;0
1881;Malesherbes;1001100030001;75117;598129;2431582;48.8825364321, 2.31100923967;0;1;1;1;1;0;0
2401;Pigalle;1001100020001;75118;600055;2431569;48.8824224877, 2.33725467877;0;1;1;1;1;0;0
2494;Ternes;1001100020001;75117;597183;2431103;48.8782279997, 2.29812142925;0;1;1;1;1;0;0
4028974;Mairie de Montrouge;1001100040001;92049;598761;2424453;48.8184662963, 2.31964321528;0;1;1;1;1;0;0
2535;Marcadet-Poissonniers;1001100040001;75118;600944;2432584;48.8915438899, 2.34937111205;0;1;1;1;1;0;0
2363;Montparnasse-Bienvenue;1001100040001;75114;599114;2427315;48.8441894677, 2.3244412291;0;1;1;1;1;0;0
2185;Denfert-Rochereau;1001100040001;75114;599684;2426212;48.8342767721, 2.33220379397;0;1;1;1;1;0;0
2367;Mouton-Duvernet;1001100040001;75114;599552;2425980;48.8321915585, 2.3304069893;0;1;1;1;1;0;0
2322;Les Halles;1001100040001;75101;600732;2429298;48.86201193, 2.34647644857;0;1;1;1;1;0;0
2478;Simplon;1001100040001;75118;600744;2432944;48.894779515, 2.34664584169;0;1;1;1;1;0;0
2312;Odéon;1001100040001;75106;600167;2428206;48.8521980045, 2.33877999971;0;1;1;1;1;0;0
1742;Porte de Clignancourt;1001100040001;75118;600549;2433299;48.8979701297, 2.3439883801;0;1;1;1;1;0;0
1824;Montparnasse-Bienvenue;1001100040001;75114;599114;2427315;48.8441894677, 2.3244412291;0;1;1;1;1;0;0
1953;Gare de l'Est (Verdun);1001100040001;75110;601577;2430932;48.8766957953, 2.35799250722;0;1;1;1;1;0;0
2416;Porte de Champerret;1001100030001;75117;596724;2431939;48.8857391189, 2.29186061734;0;1;1;1;1;0;0
2163;Anatole-France;1001100030001;92044;596259;2432638;48.8920185856, 2.28551744146;0;1;1;1;1;0;0
1957;Gare du Nord;1001100040001;75110;601328;2431271;48.8797430235, 2.35460080714;0;1;1;1;1;0;0
1645;Raspail;1001100040001;75114;599557;2426755;48.8391569407, 2.33047414783;0;1;1;1;1;0;0
2396;Pereire;1001100030001;75117;597111;2431860;48.8850310205, 2.29713510817;0;1;1;1;1;0;0
1845;Odéon;1001100040001;75106;600167;2428206;48.8521980045, 2.33877999971;0;1;1;1;1;0;0
1692;Vavin;1001100040001;75106;599439;2427078;48.8420598168, 2.3288670471;0;1;1;1;1;0;0
1746;Porte de Pantin;1001100050001;75119;604103;2432256;48.8885839402, 2.39242287239;0;1;1;1;1;0;0
2445;Richard-Lenoir;1001100050001;75111;602636;2429151;48.8606859512, 2.37241092855;0;1;1;1;1;0;0
1700;Richard-Lenoir;1001100050001;75111;602636;2429151;48.8606859512, 2.37241092855;0;1;1;1;1;0;0
2008;Bréguet-Sabin;1001100050001;75111;602516;2428715;48.8567679088, 2.37077385505;0;1;1;1;1;0;0
2403;Place d'Italie;1001100050001;75113;601392;2425879;48.8312826147, 2.35545586703;0;1;1;1;1;0;0
2213;Gare du Nord;1001100050001;75110;601458;2431231;48.8793832619, 2.35637207803;0;1;1;1;1;0;0
1843;Oberkampf;1001100050001;75111;602399;2429523;48.8640301694, 2.36918476922;0;1;1;1;1;0;0
2297;Jaurès;1001100050001;75119;602501;2431620;48.8828761755, 2.37058633283;0;1;1;1;1;0;0
2226;Chaussée d'Antin (La Fayette);1001100070001;75109;599774;2430519;48.8729857839, 2.33342622072;0;1;1;1;1;0;0
1639;Villejuif-Léo Lagrange;1001100070001;94076;602014;2422818;48.8037696225, 2.36390930306;0;1;1;1;1;0;0
2400;Pierre et Marie Curie;1001100070001;94041;603040;2424170;48.8159171408, 2.37787881315;0;1;1;1;1;0;0
2422;Porte de la Villette;1001100070001;75119;603605;2433251;48.8975291161, 2.38564422679;0;1;1;1;1;0;0
2250;Le Kremlin-Bicêtre;1001100070001;94043;601861;2423554;48.8103850843, 2.36183067976;0;1;1;1;1;0;0
1740;Porte de Choisy;1001100070001;75113;602066;2424600;48.819785644, 2.3646252716;0;1;1;1;1;0;0
1808;Porte d'Italie;1001100070001;75113;601815;2424511;48.8189864752, 2.36120868218;0;1;1;1;1;0;0
3343763;Concorde;1001100080001;75108;598815;2429687;48.8655071808, 2.32036285253;0;1;1;1;1;0;0
1734;Porte d'Ivry;1001100070001;75113;602410;2424775;48.8213573215, 2.36930823389;0;1;1;1;1;0;0
2093;Crimée;1001100070001;75119;602955;2432445;48.8902887343, 2.37677864559;0;1;1;1;1;0;0
1649;Place Monge (Jardin des Plantes);1001100070001;75105;601146;2427201;48.843164652, 2.35211035908;0;1;1;1;1;0;0
2055;Aubervilliers Pantin (4 Chemins);1001100070001;93001;604106;2433960;48.9038980068, 2.39248007534;0;1;1;1;1;0;0
2186;Denfert-Rochereau;1001100060001;75114;599760;2426181;48.833998196, 2.33323849783;0;1;1;1;1;0;0
2404;Place d'Italie;1001100060001;75113;601417;2425860;48.8311117975, 2.35579614238;0;1;1;1;1;0;0
2497;Trocadéro;1001100060001;75116;596385;2429372;48.8626668651, 2.28726305822;0;1;1;1;1;0;0
2177;Corvisart;1001100060001;75113;600945;2425692;48.8296027042, 2.34937026012;0;1;1;1;1;0;0
2409;Raspail;1001100060001;75114;599572;2426724;48.8388783378, 2.33067841595;0;1;1;1;1;0;0
1806;Pont Neuf;1001100070001;75101;600412;2428911;48.8585340615, 2.34211723533;0;1;1;1;1;0;0
1907;Jussieu;1001100070001;75105;601344;2427513;48.8459683914, 2.35480738936;0;1;1;1;1;0;0
2390;Passy;1001100060001;75116;596262;2428801;48.8575343417, 2.28559270248;0;1;1;1;1;0;0
2094;Daumesnil (Félix Eboué);1001100060001;75112;604354;2426781;48.8393764223, 2.39578805708;0;1;1;1;1;0;0
1825;Montparnasse-Bienvenue;1001100060001;75114;598878;2427057;48.8418702955, 2.32122837067;0;1;1;1;1;0;0
1644;Quai de la Gare;1001100060001;75113;602743;2426584;48.837614635, 2.37385211235;0;1;1;1;1;0;0
2524;Quai de la Gare;1001100060001;75113;602743;2426584;48.837614635, 2.37385211235;0;1;1;1;1;0;0
2229;Chevaleret;1001100060001;75113;602235;2426246;48.8345787576, 2.36693389574;0;1;1;1;1;0;0
2073;Boissière;1001100060001;75116;596589;2429838;48.866856114, 2.29003807011;0;1;1;1;1;0;0
1962;Glacière;1001100060001;75113;600591;2425832;48.8308613646, 2.34455142997;0;1;1;1;1;0;0
2082;Dugommier;1001100060001;75112;603881;2426725;48.8388761109, 2.38934738424;0;1;1;1;1;0;0
2399;Picpus;1001100060001;75112;604794;2427443;48.8453230738, 2.40178631043;0;1;1;1;1;0;0
2068;Bercy;1001100060001;75112;603156;2426871;48.8401922036, 2.37947725393;0;1;1;1;1;0;0
2425;Porte de Saint-Cloud;1001100090001;75116;594057;2426581;48.8375652937, 2.25559127111;0;1;1;1;1;0;0
2343;Pont de Sèvres;1001100090001;92012;592215;2425707;48.8296902972, 2.23052843086;0;1;1;1;1;0;0
2280;Marcel Sembat;1001100090001;92012;593167;2426164;48.8338085462, 2.24348061108;0;1;1;1;1;0;0
1714;Saint-Ambroise;1001100090001;75111;602690;2429258;48.8616473835, 2.37314713744;0;1;1;1;1;0;0
1647;République;1001100090001;75111;601988;2429899;48.8674107881, 2.36358782222;0;1;1;1;1;0;0
2241;La Motte-Picquet-Grenelle;1001100100001;75115;597169;2427831;48.8488212259, 2.29795296069;0;1;1;1;1;0;0
1875;Mairie des Lilas;1001100110001;93045;605809;2431308;48.880051021, 2.41566020273;0;1;1;1;1;0;0
2018;Cardinal-Lemoine;1001100100001;75105;601089;2427595;48.8467058283, 2.35133517564;0;1;1;1;1;0;0
2476;Sèvres-Babylone;1001100100001;75107;599237;2428066;48.8509392477, 2.32611465149;0;1;1;1;1;0;0
1893;Hôtel de Ville;1001100110001;75104;601098;2428830;48.8578053324, 2.35146077318;0;1;1;1;1;0;0
967988;République;1001100110001;75111;601949;2429880;48.8672401446, 2.36305644261;0;1;1;1;1;0;0
1758;Pyrénées;1001100110001;75120;603551;2430613;48.8738211316, 2.38488636886;0;1;1;1;1;0;0
1908;Jussieu;1001100100001;75105;601325;2427490;48.8457617165, 2.35454859157;0;1;1;1;1;0;0
2541;Ségur;1001100100001;75115;597853;2427613;48.8468646613, 2.30726884425;0;1;1;1;1;0;0
2275;Malakoff-Plateau de Vanves;1001100130001;92020;597166;2424896;48.8224426532, 2.297932102;0;1;1;1;1;0;0
2035;Château de Vincennes;1001100010001;94080;607641;2427335;48.8443251036, 2.44055234288;0;1;1;1;1;0;0
1832;Nation;1001100010001;75112;604516;2427753;48.8481111908, 2.39800400946;0;1;1;1;1;0;0
2062;Bastille;1001100010001;75104;602402;2428293;48.8529756339, 2.36921882111;0;1;1;1;1;0;0
1642;Saint-Paul (Le Marais);1001100010001;75104;601823;2428533;48.8551344775, 2.36133433573;0;1;1;1;1;0;0
1688;Tuileries;1001100010001;75101;599456;2429606;48.8647801217, 2.3290949511;0;1;1;1;1;0;0
1945;Franklin-Roosevelt;1001100010001;75108;598073;2430077;48.8690103872, 2.31025317756;0;1;1;1;1;0;0
1803;Pont de Neuilly;1001100010001;92051;594278;2431915;48.8855060687, 2.25852746686;0;1;1;1;1;0;0
2470;Saint-Mandé;1001100010001;94007;606058;2427546;48.8462382158, 2.41899982478;0;1;1;1;1;0;0
2429;Porte de Vincennes;1001100010001;75120;605457;2427632;48.8470164776, 2.410816879;0;1;1;1;1;0;0
2210;Gare de Lyon;1001100010001;75112;602713;2427468;48.8455597463, 2.37344920163;0;1;1;1;1;0;0
2170;Concorde;1001100010001;75108;598876;2429706;48.8656780557, 2.32119376847;0;1;1;1;1;0;0
2544;Champs-Elysées-Clémenceau;1001100010001;75108;598357;2429936;48.8677439853, 2.31412277704;0;1;1;1;1;0;0
2200;Franklin-Roosevelt;1001100010001;75108;598073;2430077;48.8690103872, 2.31025317756;0;1;1;1;1;0;0
2147;Charles de Gaulle-Etoile;1001100010001;75108;596963;2430625;48.8739310535, 2.29512724832;0;1;1;1;1;0;0
2098;Argentine;1001100010001;75117;596546;2430819;48.8756724452, 2.28944416115;0;1;1;1;1;0;0
2342;Pont de Neuilly;1001100010001;92051;594278;2431915;48.8855060687, 2.25852746686;0;1;1;1;1;0;0
1833;Nation;1001100020001;75112;604444;2427899;48.8494238601, 2.39702503497;0;1;1;1;1;0;0
2087;Belleville;1001100020001;75119;602953;2430442;48.8722872798, 2.37673767399;0;1;1;1;1;0;0
1791;Pigalle;1001100020001;75118;600055;2431569;48.8824224877, 2.33725467877;0;1;1;1;1;0;0
2071;Blanche;1001100020001;75118;599705;2431719;48.8837704781, 2.33248514494;0;1;1;1;1;0;0
1629;Villiers;1001100020001;75117;598539;2431447;48.8813242532, 2.31659675818;0;1;1;1;1;0;0
2351;Ménilmontant;1001100020001;75111;603518;2429710;48.8657057469, 2.38442937183;0;1;1;1;1;0;0
2128;Couronnes;1001100020001;75111;603232;2430113;48.8693291287, 2.38053636283;0;1;1;1;1;0;0
2509;Villiers;1001100020001;75117;598539;2431447;48.8813242532, 2.31659675818;0;1;1;1;1;0;0
2148;Charles de Gaulle-Etoile;1001100020001;75108;596929;2430632;48.8739938, 2.29466395849;0;1;1;1;1;0;0
1737;Porte de Bagnolet;1001100030001;75120;605309;2429559;48.8643364947, 2.4088253727;0;1;1;1;1;0;0
1779;Parmentier;1001100030001;75111;602808;2429660;48.8652598159, 2.37475707838;0;1;1;1;1;0;0
1683;Temple;1001100030001;75103;601840;2429827;48.866764127, 2.3615713237;0;1;1;1;1;0;0
1889;Havre-Caumartin;1001100030001;75109;599411;2430572;48.8734618499, 2.32848048114;0;1;1;1;1;0;0
1630;Villiers;1001100030001;75117;598506;2431456;48.8814050597, 2.31614704757;0;1;1;1;1;0;0
1634;Wagram;1001100030001;75117;597729;2431713;48.8837124353, 2.30555775418;0;1;1;1;1;0;0
2542;Sentier;1001100030001;75102;600812;2429892;48.8673503407, 2.34756723208;0;1;1;1;1;0;0
2510;Villiers;1001100030001;75117;598506;2431456;48.8814050597, 2.31614704757;0;1;1;1;1;0;0
2277;Malesherbes;1001100030001;75117;598129;2431582;48.8825364321, 2.31100923967;0;1;1;1;1;0;0
2034;Château d'Eau;1001100040001;75110;601435;2430460;48.8724541102, 2.3560561648;0;1;1;1;1;0;0
1677;Strasbourg-Saint-Denis;1001100040001;75102;601321;2430146;48.8696323244, 2.35450205976;0;1;1;1;1;0;0
1855;Les Halles;1001100040001;75101;600732;2429298;48.86201193, 2.34647644857;0;1;1;1;1;0;0
1964;Châtelet;1001100040001;75101;600834;2428885;48.8583000152, 2.34786508424;0;1;1;1;1;0;0
1975;Cité;1001100040001;75104;600712;2428594;48.8556848095, 2.3462029262;0;1;1;1;1;0;0
1731;Saint-Placide;1001100040001;75106;599306;2427629;48.8470117994, 2.32705510802;0;1;1;1;1;0;0
1828;Mouton-Duvernet;1001100040001;75114;599552;2425980;48.8321915585, 2.3304069893;0;1;1;1;1;0;0
2040;Alésia;1001100040001;75114;599289;2425521;48.8280659789, 2.32682741672;0;1;1;1;1;0;0
4028973;Mairie de Montrouge;1001100040001;92049;598761;2424453;48.8184662963, 2.31964321528;0;1;1;1;1;0;0
2420;Porte de Clignancourt;1001100040001;75118;600549;2433299;48.8979701297, 2.3439883801;0;1;1;1;1;0;0
2208;Gare de l'Est (Verdun);1001100040001;75110;601577;2430932;48.8766957953, 2.35799250722;0;1;1;1;1;0;0
2017;Campo-Formio;1001100050001;75113;601634;2426354;48.8355511759, 2.35875209186;0;1;1;1;1;0;0
2121;Bobigny-Pantin (Raymond Queneau);1001100050001;93008;606482;2433061;48.8957991918, 2.42485729506;0;1;1;1;1;0;0
2257;Eglise de Pantin;1001100050001;93055;605605;2432819;48.8936324872, 2.4129002627;0;1;1;1;1;0;0
2294;Jacques-Bonsergent;1001100050001;75110;601767;2430265;48.8707007825, 2.36057863225;0;1;1;1;1;0;0
2112;Bastille;1001100050001;75104;602398;2428339;48.8533890715, 2.36916459888;0;1;1;1;1;0;0
2437;Quai de la Rapée;1001100050001;75112;602233;2427513;48.8459659916, 2.3669131764;0;1;1;1;1;0;0
2136;Campo-Formio;1001100050001;75113;601634;2426354;48.8355511759, 2.35875209186;0;1;1;1;1;0;0
1974;Chevaleret;1001100060001;75113;602235;2426246;48.8345787576, 2.36693389574;0;1;1;1;1;0;0
1794;Place d'Italie;1001100060001;75113;601417;2425860;48.8311117975, 2.35579614238;0;1;1;1;1;0;0
1640;Saint-Jacques;1001100060001;75114;600013;2426069;48.832991651, 2.33668289331;0;1;1;1;1;0;0
1997;Denfert-Rochereau;1001100060001;75114;599760;2426181;48.833998196, 2.33323849783;0;1;1;1;1;0;0
1763;Raspail;1001100060001;75114;599572;2426724;48.8388783378, 2.33067841595;0;1;1;1;1;0;0
2069;Bir-Hakeim (Grenelle);1001100060001;75115;596498;2428444;48.8543271778, 2.2888101004;0;1;1;1;1;0;0
1909;Kléber;1001100060001;75116;596831;2430333;48.8713061083, 2.29333101756;0;1;1;1;1;0;0
2255;Edgar-Quinet;1001100060001;75114;599258;2426912;48.8405676854, 2.32640281189;0;1;1;1;1;0;0
2364;Montparnasse-Bienvenue;1001100060001;75114;598878;2427057;48.8418702955, 2.32122837067;0;1;1;1;1;0;0
2122;Boissière;1001100060001;75116;596589;2429838;48.866856114, 2.29003807011;0;1;1;1;1;0;0
2149;Charles de Gaulle-Etoile;1001100060001;75108;596936;2430601;48.8737152275, 2.29475955952;0;1;1;1;1;0;0
1944;Fort d'Aubervilliers;1001100070001;93001;604919;2435091;48.9140567044, 2.40357633118;0;1;1;1;1;0;0
1703;Riquet;1001100070001;75119;602783;2432234;48.8883931911, 2.37443310555;0;1;1;1;1;0;0
1860;L1s Blanc;1001100070001;75110;602099;2431400;48.8809003874, 2.36510721493;0;1;1;1;1;0;0
1954;Gare de l'Est (Verdun);1001100070001;75110;601650;2430901;48.8764170121, 2.35898704312;0;1;1;1;1;0;0
2020;Censier-Daubenton;1001100070001;75105;601120;2426915;48.8405942592, 2.35175560961;0;1;1;1;1;0;0
1648;Place d'Italie;1001100070001;75113;601383;2425909;48.8315522619, 2.35533343989;0;1;1;1;1;0;0
1685;Tolbiac;1001100070001;75113;601507;2425309;48.8261594131, 2.35701946286;0;1;1;1;1;0;0
1871;Mairie d'Ivry;1001100070001;94041;603454;2423647;48.8112144947, 2.3835089254;0;1;1;1;1;0;0
2134;Cadet;1001100070001;75109;600502;2430835;48.8758256773, 2.34334512124;0;1;1;1;1;0;0
2435;Pyramides;1001100070001;75101;599823;2429797;48.8664969463, 2.33409421193;0;1;1;1;1;0;0
2384;Palais-Royal (Musée du Louvre);1001100070001;75101;599923;2429448;48.8633603817, 2.33545659061;0;1;1;1;1;0;0
2221;Châtelet;1001100070001;75101;600787;2428763;48.8572036047, 2.34722470772;0;1;1;1;1;0;0
2491;Sully-Morland;1001100070001;75104;601816;2428050;48.850793554, 2.36123699038;0;1;1;1;1;0;0
2232;Jussieu;1001100070001;75105;601344;2427513;48.8459683914, 2.35480738936;0;1;1;1;1;0;0
2347;Porte d'Italie;1001100070001;75113;601815;2424511;48.8189864752, 2.36120868218;0;1;1;1;1;0;0
3343334;Balard;1001100080001;75115;595753;2426496;48.836814948, 2.27868334312;0;1;1;1;1;0;0
3343753;Commerce;1001100080001;75115;596864;2427363;48.8446136312, 2.29380297684;0;1;1;1;1;0;0
3343769;Richelieu-Drouot;1001100080001;75109;600250;2430410;48.8720061982, 2.33991138728;0;1;1;1;1;0;0
3343785;Bastille;1001100080001;75104;602398;2428378;48.8537395822, 2.36916481453;0;1;1;1;1;0;0
3343793;Montgallet;1001100080001;75112;603901;2427311;48.8441426903, 2.38962500951;0;1;1;1;1;0;0
3343797;Michel Bizot;1001100080001;75112;604878;2426516;48.8369909969, 2.40291960354;0;1;1;1;1;0;0
3343803;Liberté;1001100080001;94018;605209;2425253;48.8256370709, 2.40741080209;0;1;1;1;1;0;0
3343809;Maisons-Alfort-Stade;1001100080001;94046;607332;2423318;48.8082253066, 2.43627581772;0;1;1;1;1;0;0
3343813;Créteil-L'Echat (Hôpital Henri Mondor);1001100080001;94028;608308;2422026;48.7966012568, 2.44953152104;0;1;1;1;1;0;0
3343819;Pointe du Lac;1001100080001;94028;609498;2418858;48.7681110356, 2.46565028571;0;1;1;1;1;0;0
3343337;Lourmel;1001100080001;75115;596015;2426702;48.8386680882, 2.28224848505;0;1;1;1;1;0;0
3343760;La Tour-Maubourg;1001100080001;75107;598039;2428766;48.8572278199, 2.30979622249;0;1;1;1;1;0;0
3343776;Strasbourg-Saint-Denis;1001100080001;75102;601290;2430118;48.8693807393, 2.35407964886;0;1;1;1;1;0;0
3343786;Bastille;1001100080001;75104;602398;2428378;48.8537395822, 2.36916481453;0;1;1;1;1;0;0
3343804;Liberté;1001100080001;94018;605209;2425253;48.8256370709, 2.40741080209;0;1;1;1;1;0;0
3343808;Ecole Vétérinaire de Maisons-Alfort;1001100080001;94046;606255;2424079;48.8150762793, 2.4216317634;0;1;1;1;1;0;0
1814;Michel-Ange-Auteuil;1001100090001;75116;594693;2427733;48.847924552, 2.26423590245;0;1;1;1;1;0;0
1899;Jasmin;1001100090001;75116;594965;2428235;48.8524384784, 2.26793391967;0;1;1;1;1;0;0
1917;La Muette;1001100090001;75116;595418;2428864;48.8580950089, 2.27409644478;0;1;1;1;1;0;0
1702;Richelieu-Drouot;1001100090001;75109;600207;2430420;48.872096083, 2.33932555252;0;1;1;1;1;0;0
1712;Grands Boulevards;1001100090001;75109;600492;2430355;48.8715117763, 2.34320837421;0;1;1;1;1;0;0
1633;Voltaire (Léon Blum);1001100090001;75111;603196;2428815;48.857663685, 2.38003629346;0;1;1;1;1;0;0
48431;Aéroport Charles de Gaulle 2 TGV;1001110010001;95527;617164;2445145;49.0041985468, 2.57094642069;1;0;1;1;1;1;4
2281;Marne-la-Vallée Chessy;1001110010001;77111;632720;2430112;48.8684969295, 2.78225972723;1;0;1;1;1;1;4
2141;Cergy-Saint-Christophe;1001102000001;95127;577898;2450233;49.049764961, 2.03434511366;1;0;0;0;0;0;1
2131;Bussy-Saint-Georges;1001110010001;77058;627424;2426585;48.8370461511, 2.70988412471;1;0;1;1;1;1;4
2198;Fontenay-sous-Bois;1001110010001;94033;609423;2427236;48.8434118184, 2.46481539994;1;0;1;1;1;1;4
2140;Cergy-Préfecture;1001102000001;95127;581243;2448683;49.0359437943, 2.08014375391;1;0;0;0;0;0;1
2305;Nogent-sur-Marne;1001110010001;94052;609929;2426313;48.8351087334, 2.47168391283;1;0;1;1;1;1;4
1840;Noisy-Champs;1001110010001;93051;617754;2427172;48.8426610663, 2.57825244785;1;0;1;1;1;1;4
2143;Champigny;1001110010001;94068;612743;2423195;48.8070357613, 2.50990166505;1;0;1;1;1;1;4
2326;Lognes;1001110010001;77258;621846;2426770;48.8389222959, 2.63394987092;1;0;1;1;1;1;4
1652;Noisy-le-Grand (Mont d'Est);1001110010001;93051;615533;2426958;48.8407951048, 2.54800262639;1;0;1;1;1;1;4
2776542;Achères Grand Cormier;1001110010001;78498;578342;2437256;48.9331642217, 2.04108350764;1;0;1;1;1;1;4
1850;Le Vésinet-Centre;1001110010001;78650;585169;2432442;48.8900956656, 2.13437461099;1;0;1;1;1;1;4
1830;Nanterre-Université;1001110010001;92050;590998;2433642;48.9009889733, 2.21379170886;1;0;1;1;1;1;4
2022;Cergy-Saint-Christophe;1001102000001;95127;577898;2450233;49.049764961, 2.03434511366;1;0;0;0;0;0;1
1851;Le Vésinet-Le Pecq;1001110010001;78650;584251;2433363;48.8983508533, 2.12182892211;1;0;1;1;1;1;4
2021;Cergy-Préfecture;1001102000001;95127;581243;2448683;49.0359437943, 2.08014375391;1;0;0;0;0;0;1
2463;Saint-Fargeau;1001101030001;75120;604966;2430383;48.8717447834, 2.40416253824;0;1;1;1;1;0;0
1902;Jaurès;1001101070001;75119;602482;2431578;48.8824987835, 2.37032717893;0;1;1;1;1;0;0
2298;Jaurès;1001101070001;75119;602482;2431578;48.8824987835, 2.37032717893;0;1;1;1;1;0;0
1673;Saint-Rémy-lès-Chevreuse;1001110020001;78575;580419;2411625;48.7028686434, 2.07060021119;1;0;1;1;1;1;4
2451;Aéroport Charles de Gaulle 1;1001110010001;95527;616460;2445833;49.0103995199, 2.56135733564;1;0;1;1;1;1;4
2054;La Courneuve-Aubervilliers;1001110010001;93001;603512;2436199;48.9240233942, 2.38440066136;1;0;1;1;1;1;4
1777;Parc des Expositions;1001110010001;93078;613038;2441721;48.9735259917, 2.5144841727;1;0;1;1;1;1;4
2387;Parc des Expositions;1001110010001;93078;613038;2441721;48.9735259917, 2.5144841727;1;0;1;1;1;1;4
1976;Cité Universitaire;1001110020001;75114;600234;2424661;48.8203370161, 2.33969097138;1;0;1;1;1;1;4
2056;Aulnay-sous-Bois;1001110010001;93005;611496;2437109;48.9321087219, 2.49330955925;1;0;1;1;1;1;4
2047;Arcueil-Cachan;1001110020001;94016;599369;2422227;48.7984604331, 2.32792174881;1;0;1;1;1;1;4
1693;Vert-Galant;1001110010001;93078;616884;2438474;48.944256914, 2.56685574769;1;0;1;1;1;1;4
1921;Laplace;1001110020001;94003;599761;2423248;48.8076372956, 2.33325414336;1;0;1;1;1;1;4
1717;Saint-Denis - Porte de Paris;1001100130001;93066;601443;2436855;48.9299266245, 2.35618614586;0;1;1;1;1;0;0
140078;Saint-Denis-Université;1001100130001;93066;601872;2438656;48.9461108318, 2.36204518966;0;1;1;1;1;0;0
2464;Saint-François-Xavier;1001100130001;75107;598379;2428071;48.850982519, 2.31442986127;0;1;1;1;1;0;0
2426;Porte de Saint-Ouen;1001100130001;75118;599451;2433248;48.897511692, 2.32902164388;0;1;1;1;1;0;0
2224;Châtillon Montrouge;1001100130001;92020;597412;2423543;48.8102833227, 2.30128886764;0;1;1;1;1;0;0
1692061;Carrefour-Pleyel;1001100130001;93070;600543;2435744;48.9199434643, 2.34390941645;0;1;1;1;1;0;0
2427;Porte de Vanves;1001100130001;75114;597635;2425488;48.8277652858, 2.30431234743;0;1;1;1;1;0;0
2406;Place de Clichy;1001100130001;75109;599322;2431656;48.8832039591, 2.32726602131;0;1;1;1;1;0;0
2203;Gaîté;1001100130001;75114;598972;2426710;48.8387517806, 2.32250918289;0;1;1;1;1;0;0
2325;Liège;1001100130001;75108;599292;2431248;48.8795371256, 2.32685794394;0;1;1;1;1;0;0
2194;Boulogne Pont de Saint-Cloud;1001100100001;92012;592054;2426930;48.8406801223, 2.22831365839;0;1;1;1;1;0;0
2193;Boulogne-Jean-Jaurès;1001100100001;92012;592829;2427107;48.8422801027, 2.23886297203;0;1;1;1;1;0;0
1977;Cluny-La Sorbonne;1001100100001;75105;600626;2428050;48.8507957149, 2.34503088503;0;1;1;1;1;0;0
2106;Avenue Emile-Zola;1001100100001;75115;596985;2427612;48.8468521112, 2.2954488246;0;1;1;1;1;0;0
2460;Saint-Augustin;1001100090001;75108;598842;2430675;48.8743867195, 2.32072782863;0;1;1;1;1;0;0
2278;Maraîchers;1001100090001;75120;605131;2428253;48.8526003616, 2.40638498623;0;1;1;1;1;0;0
1818;Mirabeau;1001100100001;75116;595342;2427639;48.8470848181, 2.27307491159;0;1;1;1;1;0;0
2151;Charonne;1001100090001;75111;603563;2428479;48.8546420067, 2.38503219;0;1;1;1;1;0;0
2500;Vaneau;1001100100001;75107;598879;2427817;48.8487008088, 2.32123987861;0;1;1;1;1;0;0
2252;Duroc;1001100100001;75107;598563;2427611;48.8468487281, 2.3169373075;0;1;1;1;1;0;0
1166828;Cour Saint-Emilion;1001100140001;75112;603731;2426106;48.8333136748, 2.38729970105;1;0;1;1;1;0;1
2091;Funiculaire Gare haute;1001101000001;75118;600485;2431919;48.8855678748, 2.34311459507;1;0;0;0;0;0;1
2419;Porte de Clichy;1001100130001;75117;598320;2432901;48.8943910919, 2.31360657277;0;1;1;1;1;0;0
2430;Porte des Lilas;1001101030001;75120;605128;2430961;48.8769381827, 2.4063765636;0;1;1;1;1;0;0
1752;Porte des Lilas;1001101030001;75120;605128;2430961;48.8769381827, 2.4063765636;0;1;1;1;1;0;0
1166824;Olympiades;1001100140001;75113;602243;2425397;48.8269482412, 2.36703843005;1;0;1;1;1;0;1
2202;Gabriel-Péri;1001100130001;92004;596907;2435370;48.9165747952, 2.29432896135;0;1;1;1;1;0;0
1166835;Châtelet;1001100140001;75101;600797;2428958;48.8589561406, 2.34736125188;1;0;1;1;1;0;1
2165;Brochant;1001100130001;75117;598803;2432481;48.8906176051, 2.3201911209;0;1;1;1;1;0;0
1166830;Bercy;1001100140001;75112;603151;2426910;48.8405427422, 2.37940945979;1;0;1;1;1;0;1
1993;Croix-de-Chavaux (Jacques Duclos);1001100090001;93048;607295;2428856;48.8579990325, 2.43586689234;0;1;1;1;1;0;0
2441;Saint-Philippe du Roule;1001100090001;75108;598111;2430462;48.872470625, 2.3107690979;0;1;1;1;1;0;0
3343825;Pointe du Lac;1001100080001;94028;609498;2418858;48.7681110356, 2.46565028571;0;1;1;1;1;0;0
1804;Pont de Sèvres;1001100090001;92012;592215;2425707;48.8296902972, 2.23052843086;0;1;1;1;1;0;0
1709;Rue des Boulets;1001100090001;75111;603863;2428210;48.8522226724, 2.38911564759;0;1;1;1;1;0;0
2162;Alma-Marceau;1001100090001;75116;597412;2429553;48.8642986303, 2.30125140712;0;1;1;1;1;0;0
2549;Billancourt;1001100090001;92012;592776;2425973;48.8320876035, 2.23816077354;0;1;1;1;1;0;0
1762;Ranelagh;1001100090001;75116;595114;2428576;48.8555043622, 2.26995917492;0;1;1;1;1;0;0
1844;Oberkampf;1001100090001;75111;602368;2429553;48.8642999032, 2.36876264947;0;1;1;1;1;0;0
2483;Saint-Rémy-lès-Chevreuse;1001110020001;78575;580419;2411625;48.7028686434, 2.07060021119;1;0;1;1;1;1;4
2130;Bures-sur-Yvette;1001110020001;91122;587228;2410812;48.6957326095, 2.16308967182;1;0;1;1;1;1;4
2385;Palaiseau;1001110020001;91477;593374;2413270;48.7179193959, 2.24650141299;1;0;1;1;1;1;4
2506;Villejuif-Paul Vaillant Couturier (Hôpital Paul Brousse);1001100070001;94076;602332;2421953;48.7959940916, 2.36823144858;0;1;1;1;1;0;0
2529;Place Monge (Jardin des Plantes);1001100070001;75105;601146;2427201;48.843164652, 2.35211035908;0;1;1;1;1;0;0
2505;Villejuif-L1s Aragon;1001100070001;94076;602250;2420912;48.7866379703, 2.36711052405;0;1;1;1;1;0;0
2418;Porte de Choisy;1001100070001;75113;602066;2424600;48.819785644, 2.3646252716;0;1;1;1;1;0;0
3343746;Félix Faure;1001100080001;75115;596748;2427164;48.8428245269, 2.29222496289;0;1;1;1;1;0;0
2272;Maison Blanche;1001100070001;75113;601585;2424944;48.8228787343, 2.35807989096;0;1;1;1;1;0;0
2528;Place d'Italie;1001100070001;75113;601383;2425909;48.8315522619, 2.35533343989;0;1;1;1;1;0;0
2345;Pont Neuf;1001100070001;75101;600412;2428911;48.8585340615, 2.34211723533;0;1;1;1;1;0;0
2495;Tolbiac;1001100070001;75113;601507;2425309;48.8261594131, 2.35701946286;0;1;1;1;1;0;0
2448;Riquet;1001100070001;75119;602783;2432234;48.8883931911, 2.37443310555;0;1;1;1;1;0;0
3343807;Ecole Vétérinaire de Maisons-Alfort;1001100080001;94046;606255;2424079;48.8150762793, 2.4216317634;0;1;1;1;1;0;0
3343811;Maisons-Alfort-Les Juilliottes;1001100080001;94046;608061;2422682;48.802500401, 2.44618361523;0;1;1;1;1;0;0
3343755;La Motte-Picquet-Grenelle;1001100080001;75115;597150;2427829;48.8488031653, 2.29769423133;0;1;1;1;1;0;0
3343775;Strasbourg-Saint-Denis;1001100080001;75102;601290;2430118;48.8693807393, 2.35407964886;0;1;1;1;1;0;0
3343779;Filles du Calvaire;1001100080001;75103;602220;2429417;48.8630781356, 2.36674588025;0;1;1;1;1;0;0
3343771;Grands Boulevards;1001100080001;75109;600469;2430362;48.8715747028, 2.34289502865;0;1;1;1;1;0;0
3343791;Reuilly-Diderot;1001100080001;75112;603723;2427653;48.8472174603, 2.38720417388;0;1;1;1;1;0;0
3343757;Ecole Militaire;1001100080001;75107;597719;2428436;48.8542608808, 2.30543955721;0;1;1;1;1;0;0
3343335;Balard;1001100080001;75115;595753;2426496;48.836814948, 2.27868334312;0;1;1;1;1;0;0
3343767;Opéra;1001100080001;75109;599650;2430257;48.8706310394, 2.33173704503;0;1;1;1;1;0;0
3343796;Daumesnil (Félix Eboué);1001100080001;75112;604339;2426815;48.8396820994, 2.39558416701;0;1;1;1;1;0;0
3343810;Maisons-Alfort-Stade;1001100080001;94046;607332;2423318;48.8082253066, 2.43627581772;0;1;1;1;1;0;0
3343790;Faidherbe-Chaligny;1001100080001;75111;603519;2427970;48.8500676272, 2.38442876741;0;1;1;1;1;0;0
3343770;Richelieu-Drouot;1001100080001;75109;600250;2430410;48.8720061982, 2.33991138728;0;1;1;1;1;0;0
3343806;Charenton-Ecoles;1001100080001;94018;605683;2424792;48.8214897784, 2.413856759;0;1;1;1;1;0;0
3343774;Bonne Nouvelle;1001100080001;75109;600880;2430251;48.8705767128, 2.34849429038;0;1;1;1;1;0;0
3343800;Porte Dorée;1001100080001;75112;605118;2426350;48.835497212, 2.40618520888;0;1;1;1;1;0;0
3343794;Montgallet;1001100080001;75112;603901;2427311;48.8441426903, 2.38962500951;0;1;1;1;1;0;0
2295;Jasmin;1001100090001;75116;594965;2428235;48.8524384784, 2.26793391967;0;1;1;1;1;0;0
2242;La Muette;1001100090001;75116;595418;2428864;48.8580950089, 2.27409644478;0;1;1;1;1;0;0
2527;République;1001100090001;75111;601988;2429899;48.8674107881, 2.36358782222;0;1;1;1;1;0;0
2459;Saint-Ambroise;1001100090001;75111;602690;2429258;48.8616473835, 2.37314713744;0;1;1;1;1;0;0
2513;Voltaire (Léon Blum);1001100090001;75111;603196;2428815;48.857663685, 2.38003629346;0;1;1;1;1;0;0
2423;Porte de Montreuil;1001100090001;75120;605430;2428340;48.853379837, 2.41045818408;0;1;1;1;1;0;0
2449;Robespierre;1001100090001;93048;606399;2428597;48.8556807674, 2.42365908215;0;1;1;1;1;0;0
2004;Boulogne-Jean-Jaurès;1001100100001;92012;592829;2427107;48.8422801027, 2.23886297203;0;1;1;1;1;0;0
2026;Chardon-Lagache;1001100100001;75116;594891;2427419;48.8451040988, 2.2669360557;0;1;1;1;1;0;0
2031;Charles Michels;1001100100001;75115;596264;2427558;48.8463629347, 2.28563106255;0;1;1;1;1;0;0
1661;Ségur;1001100100001;75115;597853;2427613;48.8468646613, 2.30726884425;0;1;1;1;1;0;0
2354;Michel-Ange-Auteuil;1001100100001;75116;594737;2427734;48.8479339054, 2.26483507384;0;1;1;1;1;0;0
2299;Javel-André-Citroen;1001100100001;75115;595690;2427514;48.8459638397, 2.27781512302;0;1;1;1;1;0;0
2150;Charles Michels;1001100100001;75115;596264;2427558;48.8463629347, 2.28563106255;0;1;1;1;1;0;0
2334;Mabillon;1001100100001;75106;599900;2428278;48.8528450929, 2.33514371518;0;1;1;1;1;0;0
1682;Télégraphe;1001100110001;75120;604563;2430803;48.8755224085, 2.39867650781;0;1;1;1;1;0;0
1905;Jourdain;1001100110001;75120;603877;2430772;48.8752482539, 2.38932943082;0;1;1;1;1;0;0
2066;Belleville;1001100110001;75119;602954;2430404;48.8719457572, 2.37675103804;0;1;1;1;1;0;0
2051;Arts-et-Métiers;1001100110001;75103;601405;2429673;48.8653811353, 2.35564492787;0;1;1;1;1;0;0
1965;Châtelet;1001100110001;75101;600827;2428947;48.8588572436, 2.34776985341;0;1;1;1;1;0;0
2408;Place des Fêtes;1001100110001;75119;604157;2430937;48.8767294281, 2.39314602843;0;1;1;1;1;0;0
1782;Pasteur;1001100120001;75115;598249;2427164;48.8428305013, 2.31266330443;0;1;1;1;1;0;0
1842;Notre-Dame des Champs;1001100120001;75106;599408;2427381;48.8447830076, 2.32844447996;0;1;1;1;1;0;0
1669;Solférino;1001100120001;75107;599015;2428911;48.8585333187, 2.32308924545;0;1;1;1;1;0;0
1906;Jules Joffrin;1001100120001;75118;600574;2432690;48.8924969362, 2.34432840722;0;1;1;1;1;0;0
2337;Mairie d'Issy;1001100120001;92040;595376;2425109;48.8243464852, 2.27356582627;0;1;1;1;1;0;0
2428;Porte de Versailles;1001100120001;75115;596427;2425988;48.832253412, 2.28786413449;0;1;1;1;1;0;0
2512;Volontaires;1001100120001;75115;597906;2427007;48.8414184019, 2.30799364605;0;1;1;1;1;0;0
2365;Montparnasse-Bienvenue;1001100120001;75114;599050;2427297;48.8440275954, 2.32356979388;0;1;1;1;1;0;0
2309;Notre-Dame des Champs;1001100120001;75106;599408;2427381;48.8447830076, 2.32844447996;0;1;1;1;1;0;0
2477;Sèvres-Babylone;1001100120001;75107;599294;2428137;48.8515774282, 2.32689078501;0;1;1;1;1;0;0
2172;Concorde;1001100120001;75108;598892;2429685;48.8654893501, 2.32141178588;0;1;1;1;1;0;0
2496;Trinité-d'Estienne d'Orves;1001100120001;75109;599655;2430891;48.8763289967, 2.33180456518;0;1;1;1;1;0;0
2156;Abbesses;1001100120001;75118;600139;2431789;48.8843996742, 2.33839938084;0;1;1;1;1;0;0
1897;Invalides;1001100130001;75107;598388;2429169;48.8608507489, 2.31454810929;0;1;1;1;1;0;0
1748;Porte de Saint-Ouen;1001100130001;75118;599451;2433248;48.897511692, 2.32902164388;0;1;1;1;1;0;0
1741;Porte de Clichy;1001100130001;75117;598320;2432901;48.8943910919, 2.31360657277;0;1;1;1;1;0;0
1947;Gabriel-Péri;1001100130001;92004;596907;2435370;48.9165747952, 2.29432896135;0;1;1;1;1;0;0
2253;Duroc;1001100130001;75107;598534;2427627;48.8469924601, 2.31654234144;0;1;1;1;1;0;0
2536;La Fourche;1001100130001;75117;599209;2432127;48.8874368018, 2.32572521868;0;1;1;1;1;0;0
2214;Garibaldi;1001100130001;93070;599663;2434235;48.9063821235, 2.33191047013;0;1;1;1;1;0;0
2462;Saint-Denis - Porte de Paris;1001100130001;93066;601443;2436855;48.9299266245, 2.35618614586;0;1;1;1;1;0;0
2268;Mairie de Clichy;1001100130001;92024;597719;2433968;48.9039784414, 2.30540903178;0;1;1;1;1;0;0
1662796;Les Agnettes;1001100130001;92004;596294;2436076;48.9229162908, 2.28596389324;0;1;1;1;1;0;0
1662798;Asnières-Gennevilliers Les Courtilles;1001100130001;92004;596133;2436897;48.9302935821, 2.28376062986;0;1;1;1;1;0;0
1166840;Saint-Lazare;1001100140001;75108;599174;2430806;48.875564597, 2.3252509807;1;0;1;1;1;0;1
1166838;Madeleine;1001100140001;75108;599094;2430140;48.8695789298, 2.32416248546;1;0;1;1;1;0;1
6129304;Pyramides;1001100140001;75102;599846;2429810;48.8666137899, 2.33440752762;1;0;1;1;1;0;1
1166832;Gare de Lyon;1001100140001;75112;602688;2427367;48.8446521102, 2.37310814421;1;0;1;1;1;0;1
1166826;Bibliothèque-François Mitterrand;1001100140001;75113;602910;2425718;48.8298306545, 2.37612000601;1;0;1;1;1;0;1
1166841;Saint-Lazare;1001100140001;75108;599174;2430806;48.875564597, 2.3252509807;1;0;1;1;1;0;1
6129305;Pyramides;1001100140001;75102;599846;2429810;48.8666137899, 2.33440752762;1;0;1;1;1;0;1
1166825;Olympiades;1001100140001;75113;602243;2425397;48.8269482412, 2.36703843005;1;0;1;1;1;0;1
2090;Funiculaire Gare basse;1001101000001;75118;600491;2431810;48.8845882633, 2.34319624903;1;0;0;0;0;0;1
2013;Buttes-Chaumont;1001101070001;75119;603283;2431022;48.8774983378, 2.38123808849;0;1;1;1;1;0;0
2132;Buttes-Chaumont;1001101070001;75119;603283;2431022;48.8774983378, 2.38123808849;0;1;1;1;1;0;0
2124;Bolivar;1001101070001;75119;602747;2431390;48.8808081239, 2.37393711277;0;1;1;1;1;0;0
22792;Orly-Ouest;1001102000001;94054;601627;2414424;48.7283247343, 2.35861264888;1;0;0;0;0;0;1
1983;Conflans-Fin d'Oise;1001102000001;78172;580802;2443477;48.9891484689, 2.07435447398;1;0;0;0;0;0;1
1670;Saint-Germain-en-Laye;1001110010001;78551;582291;2433364;48.8983085676, 2.09511210244;1;0;1;1;1;1;4
1970;Chatou-Croissy;1001110010001;78146;586727;2431887;48.8851420309, 2.15562586369;1;0;1;1;1;1;4
1829;Nanterre-Préfecture;1001110010001;92050;591680;2433048;48.8956598913, 2.22310032472;1;0;1;1;1;1;4
1839;Noisiel;1001110010001;77337;620571;2427273;48.8434849935, 2.61661461052;1;0;1;1;1;1;4
1859;Lognes;1001110010001;77258;621846;2426770;48.8389222959, 2.63394987092;1;0;1;1;1;1;4
161468;Val d'europe;1001110010001;77449;632190;2428617;48.8550877316, 2.77492611826;1;0;1;1;1;1;4
1943;Fontenay-sous-Bois;1001110010001;94033;609423;2427236;48.8434118184, 2.46481539994;1;0;1;1;1;1;4
1680;Sucy Bonneuil;1001110010001;94071;612576;2419191;48.7710514922, 2.50751126501;1;0;1;1;1;1;4
48430;Cergy-Le-Haut;1001102000001;95127;576282;2450136;49.0488353245, 2.01225841561;1;0;0;0;0;0;1
48434;Neuville-Université;1001102000001;95450;581106;2446273;49.0142832167, 2.07837982229;0;0;0;0;0;0;1
2158;Achères-Ville;1001102000001;78005;581038;2441373;48.9702479985, 2.07767192171;1;0;0;0;0;0;1
2771311;Achères Grand Cormier;1001110010001;78498;578342;2437256;48.9331642217, 2.04108350764;1;0;1;1;1;1;4
2102;Auber;1001110010001;75109;599501;2430477;48.8726081392, 2.32970681311;1;0;1;1;1;1;4
2222;Châtelet-Les Halles;1001110010001;75101;600759;2429237;48.8614636698, 2.34684412827;1;0;1;1;1;1;4
2511;Vincennes;1001110010001;94080;607125;2427668;48.8473238304, 2.43353159354;1;0;1;1;1;1;4
2532;Noisy-le-Grand (Mont d'Est);1001110010001;93051;615533;2426958;48.8407951048, 2.54800262639;1;0;1;1;1;1;4
2307;Noisy-Champs;1001110010001;93051;617754;2427172;48.8426610663, 2.57825244785;1;0;1;1;1;1;4
2516;Torcy;1001110010001;77468;623458;2426866;48.8397283819, 2.65590311181;1;0;1;1;1;1;4
161469;Val d'europe;1001110010001;77449;632190;2428617;48.8550877316, 2.77492611826;1;0;1;1;1;1;4
2244;La Varenne-Chennevières;1001110010001;94068;612977;2421849;48.794933504, 2.51304475439;1;0;1;1;1;1;4
1697;Villeparisis;1001110010001;77514;619510;2439473;48.9531603089, 2.60272851855;1;0;1;1;1;1;4
1999;Drancy;1001110010001;93029;608695;2437171;48.9327097684, 2.45510534184;1;0;1;1;1;1;4
1923;Le Bourget;1001110010001;93013;606539;2436943;48.9306861891, 2.42569376628;1;0;1;1;1;1;4
1998;Denfert-Rochereau;1001110020001;75114;599775;2426105;48.8333151451, 2.3334427605;1;0;1;1;1;1;4
2006;Bourg-la-Reine;1001110020001;92014;598210;2420179;48.780050897, 2.31216262263;1;0;1;1;1;1;4
1778;Parc de Sceaux;1001110020001;92002;598039;2419130;48.770621955, 2.30984199318;1;0;1;1;1;1;4
1941;Fontaine-Michalon;1001110020001;92002;597098;2416161;48.7439325227, 2.29706733128;1;0;1;1;1;1;4
1776;Palaiseau Villebon;1001110020001;91477;592676;2412139;48.7077458422, 2.23703952979;1;0;1;1;1;1;4
1924;Le Guichet;1001110020001;91471;589305;2411824;48.7048670134, 2.19126558338;1;0;1;1;1;1;4
2011;Bures-sur-Yvette;1001110020001;91122;587228;2410812;48.6957326095, 2.16308967182;1;0;1;1;1;1;4
2078;Gif-sur-Yvette;1001110020001;91272;585327;2411116;48.6984244547, 2.13726749699;1;0;1;1;1;1;4
1988;Courcelle-sur-Yvette;1001110020001;91272;582517;2411384;48.7007629772, 2.09910052373;1;0;1;1;1;1;4
2508;Villepinte;1001110010001;93078;612887;2440568;48.9631675094, 2.51238782453;1;0;1;1;1;1;4
2503;Vert-Galant;1001110010001;93078;616884;2438474;48.944256914, 2.56685574769;1;0;1;1;1;1;4
2474;Sevran Livry;1001110010001;93071;614531;2437578;48.9362622083, 2.53472278012;1;0;1;1;1;1;4
2119;Blanc-Mesnil;1001110010001;93007;610282;2437117;48.9322011293, 2.47675086789;1;0;1;1;1;1;4
2248;Le Bourget;1001110010001;93013;606539;2436943;48.9306861891, 2.42569376628;1;0;1;1;1;1;4
2530;Port Royal;1001110020001;75105;600027;2426836;48.8398851252, 2.33687343756;1;0;1;1;1;1;4
2166;Cité Universitaire;1001110020001;75114;600234;2424661;48.8203370161, 2.33969097138;1;0;1;1;1;1;4
2097;Arcueil-Cachan;1001110020001;94016;599369;2422227;48.7984604331, 2.32792174881;1;0;1;1;1;1;4
2332;Lozère;1001110020001;91477;590800;2411953;48.7060497522, 2.21156541289;1;0;1;1;1;1;4
2383;Palais-Royal (Musée du Louvre);1001100010001;75101;600005;2429338;48.8623717808, 2.3365735974;0;1;1;1;1;0;0
2083;Champs-Elysées-Clémenceau;1001100010001;75108;598357;2429936;48.8677439853, 2.31412277704;0;1;1;1;1;0;0
2028;Charles de Gaulle-Etoile;1001100010001;75108;596963;2430625;48.8739310535, 2.29512724832;0;1;1;1;1;0;0
2522;Saint-Paul (Le Marais);1001100010001;75104;601823;2428533;48.8551344775, 2.36133433573;0;1;1;1;1;0;0
2443;Reuilly-Diderot;1001100010001;75112;603623;2427668;48.8473528362, 2.38584253671;0;1;1;1;1;0;0
2288;Hôtel de Ville;1001100010001;75104;601143;2428780;48.8573558864, 2.35207356353;0;1;1;1;1;0;0
2155;Châtelet;1001100010001;75101;600839;2428915;48.8585696317, 2.3479332425;0;1;1;1;1;0;0
2216;George V;1001100010001;75108;597377;2430415;48.8720455787, 2.30076918231;0;1;1;1;1;0;0
2371;Nation;1001100010001;75112;604516;2427753;48.8481111908, 2.39800400946;0;1;1;1;1;0;0
2029;Charles de Gaulle-Etoile;1001100020001;75108;596929;2430632;48.8739938, 2.29466395849;0;1;1;1;1;0;0
2086;Barbès-Rochechouart;1001100020001;75109;600956;2431709;48.8836800685, 2.34953280032;0;1;1;1;1;0;0
2547;Barbès-Rochechouart;1001100020001;75109;600956;2431709;48.8836800685, 2.34953280032;0;1;1;1;1;0;0
2398;Philippe Auguste;1001100020001;75111;603908;2428895;48.8583788007, 2.38973472941;0;1;1;1;1;0;0
2041;Alexandre-Dumas;1001100020001;75111;604262;2428678;48.8564263076, 2.39455425432;0;1;1;1;1;0;0
2405;Place de Clichy;1001100020001;75109;599330;2431684;48.8834556108, 2.32737499008;0;1;1;1;1;0;0
1812;Ménilmontant;1001100020001;75111;603518;2429710;48.8657057469, 2.38442937183;0;1;1;1;1;0;0
1910;La Chapelle;1001100020001;75110;601671;2431788;48.8843886576, 2.35927656094;0;1;1;1;1;0;0
2484;Stalingrad;1001100020001;75119;602240;2431766;48.8841892535, 2.36703043864;0;1;1;1;1;0;0
2096;Anvers;1001100020001;75118;600562;2431619;48.8828716494, 2.34416356947;0;1;1;1;1;0;0
2414;Porte Dauphine (Maréchal de Lattre de Tassigny);1001100020001;75116;595476;2430388;48.8717921757, 2.27486995786;0;1;1;1;1;0;0
2204;Gallieni (Parc de Bagnolet);1001100030001;93006;605834;2429440;48.8632624857, 2.41597536517;0;1;1;1;1;0;0
1765;Réaumur-Sébastopol;1001100030001;75102;601173;2429773;48.8662803178, 2.3524847935;0;1;1;1;1;0;0
2050;Arts-et-Métiers;1001100030001;75103;601439;2429692;48.8655518229, 2.35610815179;0;1;1;1;1;0;0
2389;Parmentier;1001100030001;75111;602808;2429660;48.8652598159, 2.37475707838;0;1;1;1;1;0;0
1950;Gambetta;1001100030001;75120;604547;2429608;48.8647826599, 2.39844583044;0;1;1;1;1;0;0
1786;Pereire;1001100030001;75117;597111;2431860;48.8850310205, 2.29713510817;0;1;1;1;1;0;0
1846;Opéra;1001100030001;75109;599688;2430267;48.8707209355, 2.33225474024;0;1;1;1;1;0;0
2196;Bourse;1001100030001;75102;600306;2430049;48.8687617518, 2.34067412548;0;1;1;1;1;0;0
2209;Gare de l'Est (Verdun);1001100070001;75110;601650;2430901;48.8764170121, 2.35898704312;0;1;1;1;1;0;0
2139;Censier-Daubenton;1001100070001;75105;601120;2426915;48.8405942592, 2.35175560961;0;1;1;1;1;0;0
2546;Château Landon;1001100070001;75110;601875;2431128;48.8784565261, 2.36205371292;0;1;1;1;1;0;0
2175;Corentin-Cariou;1001100070001;75119;603360;2432934;48.8946815012, 2.38230219064;0;1;1;1;1;0;0
2373;Poissonnière;1001100070001;75110;600945;2431005;48.8773530545, 2.34938142062;0;1;1;1;1;0;0
2316;Le Peletier;1001100070001;75109;600268;2430739;48.8749630173, 2.34015678752;0;1;1;1;1;0;0
2327;L1s Blanc;1001100070001;75110;602099;2431400;48.8809003874, 2.36510721493;0;1;1;1;1;0;0
1966;Châtelet;1001100070001;75101;600787;2428763;48.8572036047, 2.34722470772;0;1;1;1;1;0;0
3343818;Créteil-Préfecture (Hôtel de Ville);1001100080001;94028;609030;2420153;48.779757217, 2.45931428775;0;1;1;1;1;0;0
3343812;Maisons-Alfort-Les Juilliottes;1001100080001;94046;608061;2422682;48.802500401, 2.44618361523;0;1;1;1;1;0;0
1946;Franklin-Roosevelt;1001100090001;75108;598049;2430055;48.8688125911, 2.30992632114;0;1;1;1;1;0;0
3343798;Michel Bizot;1001100080001;75112;604878;2426516;48.8369909969, 2.40291960354;0;1;1;1;1;0;0
3343784;Chemin Vert;1001100080001;75103;602315;2428806;48.8575865037, 2.36803669161;0;1;1;1;1;0;0
1704;Robespierre;1001100090001;93048;606399;2428597;48.8556807674, 2.42365908215;0;1;1;1;1;0;0
1637;Trocadéro;1001100090001;75116;596354;2429419;48.8630890943, 2.28684037516;0;1;1;1;1;0;0
1936;Exelmans;1001100090001;75116;594392;2427175;48.8429069378, 2.26014439455;0;1;1;1;1;0;0
2014;Buzenval;1001100090001;75120;604765;2428119;48.8513988304, 2.40139892607;0;1;1;1;1;0;0
2206;Gare d'Austerlitz;1001100050001;75113;602033;2427229;48.8434141834, 2.36418838953;0;1;1;1;1;0;0
2164;Bréguet-Sabin;1001100050001;75111;602516;2428715;48.8567679088, 2.37077385505;0;1;1;1;1;0;0
2521;Saint-Marcel;1001100050001;75113;601846;2426787;48.8394422381, 2.36164021079;0;1;1;1;1;0;0
2485;Stalingrad;1001100050001;75119;602264;2431762;48.8841532224, 2.36735747413;0;1;1;1;1;0;0
1930;Edgar-Quinet;1001100060001;75114;599258;2426912;48.8405676854, 2.32640281189;0;1;1;1;1;0;0
1987;Corvisart;1001100060001;75113;600945;2425692;48.8296027042, 2.34937026012;0;1;1;1;1;0;0
1834;Nation;1001100060001;75112;604499;2427680;48.8474552216, 2.39777174028;0;1;1;1;1;0;0
2065;Bel-Air;1001100060001;75112;604747;2427093;48.8421777857, 2.40114243097;0;1;1;1;1;0;0
2382;Ourcq;1001100050001;75119;603594;2432037;48.8866187516, 2.38548413305;0;1;1;1;1;0;0
2287;Hoche;1001100050001;93055;604888;2432581;48.891499343, 2.40312495732;0;1;1;1;1;0;0
2072;Bobigny-Pantin (Raymond Queneau);1001100050001;93008;606482;2433061;48.8957991918, 2.42485729506;0;1;1;1;1;0;0
2550;Bobigny-Pablo-Picasso;1001100050001;93008;608285;2434326;48.9071472718, 2.4494575012;0;1;1;1;1;0;0
2089;Bobigny-Pablo-Picasso;1001100050001;93008;608285;2434326;48.9071472718, 2.4494575012;0;1;1;1;1;0;0
1898;Jacques-Bonsergent;1001100050001;75110;601767;2430265;48.8707007825, 2.36057863225;0;1;1;1;1;0;0
1793;Place d'Italie;1001100050001;75113;601392;2425879;48.8312826147, 2.35545586703;0;1;1;1;1;0;0
2442;Saint-Placide;1001100040001;75106;599306;2427629;48.8470117994, 2.32705510802;0;1;1;1;1;0;0
1767;République;1001100050001;75111;602005;2429922;48.8676174458, 2.3638195181;0;1;1;1;1;0;0
2219;Châtelet;1001100040001;75101;600834;2428885;48.8583000152, 2.34786508424;0;1;1;1;1;0;0
2063;Bastille;1001100050001;75104;602398;2428339;48.8533890715, 2.36916459888;0;1;1;1;1;0;0
2230;Cité;1001100040001;75104;600712;2428594;48.8556848095, 2.3462029262;0;1;1;1;1;0;0
2341;Pont de Levallois-Bécon;1001100030001;92044;595911;2433227;48.8973098644, 2.28076863947;0;1;1;1;1;0;0
1764;Réaumur-Sébastopol;1001100040001;75102;601183;2429747;48.8660466289, 2.35262095068;0;1;1;1;1;0;0
2374;Réaumur-Sébastopol;1001100040001;75102;601183;2429747;48.8660466289, 2.35262095068;0;1;1;1;1;0;0
2110;Barbès-Rochechouart;1001100040001;75109;600943;2431737;48.8839317292, 2.34935570527;0;1;1;1;1;0;0
2061;Barbès-Rochechouart;1001100040001;75109;600943;2431737;48.8839317292, 2.34935570527;0;1;1;1;1;0;0
1996;Denfert-Rochereau;1001100040001;75114;599684;2426212;48.8342767721, 2.33220379397;0;1;1;1;1;0;0
2152;Château Rouge;1001100040001;75118;600944;2432088;48.8870862423, 2.34937006992;0;1;1;1;1;0;0
2467;Saint-Lazare;1001100030001;75108;599199;2430819;48.8756814657, 2.32559158149;0;1;1;1;1;0;0
1733;Saint-Sulpice;1001100040001;75106;599593;2428089;48.8511463143, 2.33096285303;0;1;1;1;1;0;0
1668;Simplon;1001100040001;75118;600744;2432944;48.894779515, 2.34664584169;0;1;1;1;1;0;0
2519;Villejuif-Léo Lagrange;1001100070001;94076;602014;2422818;48.8037696225, 2.36390930306;0;1;1;1;1;0;0
3343759;La Tour-Maubourg;1001100080001;75107;598039;2428766;48.8572278199, 2.30979622249;0;1;1;1;1;0;0
3343773;Bonne Nouvelle;1001100080001;75109;600880;2430251;48.8705767128, 2.34849429038;0;1;1;1;1;0;0
2321;Les Gobelins;1001100070001;75113;601144;2426418;48.836127399, 2.3520811145;0;1;1;1;1;0;0
2301;Mairie d'Ivry;1001100070001;94041;603454;2423647;48.8112144947, 2.3835089254;0;1;1;1;1;0;0
3343338;Boucicaut;1001100080001;75115;596432;2426964;48.8410253145, 2.287923864;0;1;1;1;1;0;0
2412;Porte d'Ivry;1001100070001;75113;602410;2424775;48.8213573215, 2.36930823389;0;1;1;1;1;0;0
1774;Palais-Royal (Musée du Louvre);1001100070001;75101;599923;2429448;48.8633603817, 2.33545659061;0;1;1;1;1;0;0
1657;La Motte-Picquet-Grenelle;1001100060001;75115;597155;2427853;48.8490188876, 2.29776215737;0;1;1;1;1;0;0
2030;Charles de Gaulle-Etoile;1001100060001;75108;596936;2430601;48.8737152275, 2.29475955952;0;1;1;1;1;0;0
2475;Sèvres-Lecourbe;1001100060001;75115;598117;2427405;48.8449961101, 2.31086482671;0;1;1;1;1;0;0
2085;Château Landon;1001100070001;75110;601875;2431128;48.8784565261, 2.36205371292;0;1;1;1;1;0;0
1849;Le Peletier;1001100070001;75109;600268;2430739;48.8749630173, 2.34015678752;0;1;1;1;1;0;0
2217;Glacière;1001100060001;75113;600591;2425832;48.8308613646, 2.34455142997;0;1;1;1;1;0;0
2391;Pasteur;1001100060001;75115;598295;2427073;48.8420127633, 2.3132900405;0;1;1;1;1;0;0
1780;Passy;1001100060001;75116;596262;2428801;48.8575343417, 2.28559270248;0;1;1;1;1;0;0
1847;Opéra;1001100070001;75109;599710;2430249;48.8705591758, 2.33255447872;0;1;1;1;1;0;0
3343781;Saint-Sébastien-Froissart;1001100080001;75103;602258;2429183;48.8609749564, 2.36726229169;0;1;1;1;1;0;0
3343756;La Motte-Picquet-Grenelle;1001100080001;75115;597150;2427829;48.8488031653, 2.29769423133;0;1;1;1;1;0;0
3343780;Filles du Calvaire;1001100080001;75103;602220;2429417;48.8630781356, 2.36674588025;0;1;1;1;1;0;0
3343801;Porte de Charenton;1001100080001;75112;604698;2426034;48.8326603057, 2.40046363512;0;1;1;1;1;0;0
3343805;Charenton-Ecoles;1001100080001;94018;605683;2424792;48.8214897784, 2.413856759;0;1;1;1;1;0;0
3343758;Ecole Militaire;1001100080001;75107;597719;2428436;48.8542608808, 2.30543955721;0;1;1;1;1;0;0
3343783;Chemin Vert;1001100080001;75103;602315;2428806;48.8575865037, 2.36803669161;0;1;1;1;1;0;0
3343778;République;1001100080001;75111;601969;2429928;48.8676714782, 2.36332911744;0;1;1;1;1;0;0
1756;Pré-Saint-Gervais;1001101070001;75119;604554;2431342;48.8803666123, 2.39855961042;0;1;1;1;1;0;0
1872;Mairie de Clichy;1001100130001;92024;597719;2433968;48.9039784414, 2.30540903178;0;1;1;1;1;0;0
48429;Cergy-Le-Haut;1001102000001;95127;576282;2450136;49.0488353245, 2.01225841561;1;0;0;0;0;0;1
1166839;Madeleine;1001100140001;75108;599094;2430140;48.8695789298, 2.32416248546;1;0;1;1;1;0;1
1718;Saint-Fargeau;1001101030001;75120;604966;2430383;48.8717447834, 2.40416253824;0;1;1;1;1;0;0
22791;Orly-Ouest;1001102000001;94054;601627;2414424;48.7283247343, 2.35861264888;1;0;0;0;0;0;1
1861;L1s Blanc;1001101070001;75110;602127;2431436;48.8812238387, 2.36548893272;0;1;1;1;1;0;0
2002;Botzaris;1001101070001;75119;603862;2431221;48.8792836316, 2.38912909357;0;1;1;1;1;0;0
2191;Botzaris;1001101070001;75119;603862;2431221;48.8792836316, 2.38912909357;0;1;1;1;1;0;0
2501;Vaugirard (Adolphe Chérioux);1001100120001;75115;597398;2426787;48.8394392405, 2.30107803914;0;1;1;1;1;0;0
1883;Marcadet-Poissonniers;1001100120001;75118;600957;2432591;48.891606782, 2.34954830766;0;1;1;1;1;0;0
2245;Lamarck-Caulaincourt;1001100120001;75118;600194;2432383;48.889738067, 2.33914908334;0;1;1;1;1;0;0
2052;Assemblée Nationale;1001100120001;75107;598811;2429236;48.8614538635, 2.32030968717;0;1;1;1;1;0;0
3901291;Front Populaire;1001100120001;93001;602107;2434267;48.9066665471, 2.36523013252;0;1;1;1;1;0;0
1667;Sèvres-Babylone;1001100120001;75107;599294;2428137;48.8515774282, 2.32689078501;0;1;1;1;1;0;0
2176;Corentin-Celton;1001100120001;92040;595773;2425385;48.8268298466, 2.27896685824;0;1;1;1;1;0;0
2336;Madeleine;1001100120001;75108;599127;2430164;48.8697946745, 2.32461200869;0;1;1;1;1;0;0
1982;Concorde;1001100120001;75108;598892;2429685;48.8654893501, 2.32141178588;0;1;1;1;1;0;0
1646;Rennes;1001100120001;75106;599377;2427761;48.848198228, 2.32802174529;0;1;1;1;1;0;0
1885;Marne-la-Vallée Chessy;1001110010001;77111;632720;2430112;48.8684969295, 2.78225972723;1;0;1;1;1;1;4
2012;Bussy-Saint-Georges;1001110010001;77058;627424;2426585;48.8370461511, 2.70988412471;1;0;1;1;1;1;4
1689;Val de Fontenay;1001110010001;94033;611169;2428366;48.8535398247, 2.48861963891;1;0;1;1;1;1;4
1713;Rueil-Malmaison;1001110010001;92063;587828;2432116;48.8872220198, 2.1706232016;1;0;1;1;1;1;4
1831;Nanterre-Ville;1001110010001;92050;589680;2433014;48.8953251065, 2.19584047054;1;0;1;1;1;1;4
1643;Sartrouville;1001110010001;78586;586864;2437714;48.9375121425, 2.15731104369;1;0;1;1;1;1;4
1631;Vincennes;1001110010001;94080;607125;2427668;48.8473238304, 2.43353159354;1;0;1;1;1;1;4
1801;Poissy;1001110010001;78498;578342;2437256;48.9331642217, 2.04108350764;1;0;1;1;1;1;4
2053;Auber;1001110010001;75109;599501;2430477;48.8726081392, 2.32970681311;1;0;1;1;1;1;4
1636;Torcy;1001110010001;77468;623458;2426866;48.8397283819, 2.65590311181;1;0;1;1;1;1;4
2025;Champs-Elysées-Clémenceau;1001100130001;75108;598362;2429894;48.8673665297, 2.31419106006;0;1;1;1;1;0;0
2279;Marcadet-Poissonniers;1001100120001;75118;600957;2432591;48.891606782, 2.34954830766;0;1;1;1;1;0;0
1719;Saint-François-Xavier;1001100130001;75107;598379;2428071;48.850982519, 2.31442986127;0;1;1;1;1;0;0
1874;Mairie de Saint-Ouen;1001100130001;93070;599797;2434818;48.9116216396, 2.33373696151;0;1;1;1;1;0;0
1749;Porte de Vanves;1001100130001;75114;597635;2425488;48.8277652858, 2.30431234743;0;1;1;1;1;0;0
1796;Place de Clichy;1001100130001;75109;599322;2431656;48.8832039591, 2.32726602131;0;1;1;1;1;0;0
1888;Guy-Môquet;1001100130001;75118;599339;2432747;48.8930090153, 2.32749583616;0;1;1;1;1;0;0
1799;Plaisance;1001100130001;75114;598337;2425932;48.831758053, 2.31386654651;0;1;1;1;1;0;0
1959;Garibaldi;1001100130001;93070;599663;2434235;48.9063821235, 2.33191047013;0;1;1;1;1;0;0
1656;La Fourche;1001100130001;75117;599209;2432127;48.8874368018, 2.32572521868;0;1;1;1;1;0;0
1706;Aéroport Charles de Gaulle 1;1001110010001;95527;616460;2445833;49.0103995199, 2.56135733564;1;0;1;1;1;1;4
2300;Joinville-le-Pont;1001110010001;94042;609355;2424750;48.8210696376, 2.46383495297;1;0;1;1;1;1;4
2129;Bry-sur-Marne;1001110010001;94015;613956;2427370;48.844534026, 2.52654384297;1;0;1;1;1;1;4
1821;Mitry-Claye;1001110010001;77294;622405;2442009;48.9758558192, 2.64236629857;1;0;1;1;1;1;4
1628;Villepinte;1001110010001;93078;612887;2440568;48.9631675094, 2.51238782453;1;0;1;1;1;1;4
2302;Nation;1001110010001;75112;604425;2427794;48.8484803036, 2.39676520624;1;0;1;1;1;1;4
3343814;Créteil-L'Echat (Hôpital Henri Mondor);1001100080001;94028;608308;2422026;48.7966012568, 2.44953152104;0;1;1;1;1;0;0
1708;Rue de la Pompe (Avenue Georges Mandel);1001100090001;75116;595699;2429549;48.8642533436, 2.2779167587;0;1;1;1;1;0;0
1678;Strasbourg-Saint-Denis;1001100090001;75102;601323;2430101;48.8692278902, 2.35452917205;0;1;1;1;1;0;0
3343802;Porte de Charenton;1001100080001;75112;604698;2426034;48.8326603057, 2.40046363512;0;1;1;1;1;0;0
1816;Michel-Ange-Molitor;1001100090001;75116;594522;2427414;48.8450560883, 2.26191141995;0;1;1;1;1;0;0
1890;Havre-Caumartin;1001100090001;75109;599447;2430568;48.8734259358, 2.32897096996;0;1;1;1;1;0;0
2001;Bonne Nouvelle;1001100090001;75109;600907;2430242;48.8704957916, 2.34886211411;0;1;1;1;1;0;0
1819;Miromesnil;1001100090001;75108;598464;2430580;48.8735320999, 2.31557802153;0;1;1;1;1;0;0
2088;Billancourt;1001100090001;92012;592776;2425973;48.8320876035, 2.23816077354;0;1;1;1;1;0;0
1895;Iéna;1001100090001;75116;596883;2429559;48.8643501589, 2.29404526045;0;1;1;1;1;0;0
3343817;Créteil-Préfecture (Hôtel de Ville);1001100080001;94028;609030;2420153;48.779757217, 2.45931428775;0;1;1;1;1;0;0
3343782;Saint-Sébastien-Froissart;1001100080001;75103;602258;2429183;48.8609749564, 2.36726229169;0;1;1;1;1;0;0
3343795;Daumesnil (Félix Eboué);1001100080001;75112;604339;2426815;48.8396820994, 2.39558416701;0;1;1;1;1;0;0
3343772;Grands Boulevards;1001100080001;75109;600469;2430362;48.8715747028, 2.34289502865;0;1;1;1;1;0;0
3343792;Reuilly-Diderot;1001100080001;75112;603723;2427653;48.8472174603, 2.38720417388;0;1;1;1;1;0;0
3343799;Porte Dorée;1001100080001;75112;605118;2426350;48.835497212, 2.40618520888;0;1;1;1;1;0;0
3343777;République;1001100080001;75111;601969;2429928;48.8676714782, 2.36332911744;0;1;1;1;1;0;0
3343765;Madeleine;1001100080001;75108;599132;2430132;48.8695070869, 2.32468019626;0;1;1;1;1;0;0
3343766;Madeleine;1001100080001;75108;599132;2430132;48.8695070869, 2.32468019626;0;1;1;1;1;0;0
3343754;Commerce;1001100080001;75115;596864;2427363;48.8446136312, 2.29380297684;0;1;1;1;1;0;0
2453;Rue de la Pompe (Avenue Georges Mandel);1001100090001;75116;595699;2429549;48.8642533436, 2.2779167587;0;1;1;1;1;0;0
2005;Boulogne Pont de Saint-Cloud;1001100100001;92012;592054;2426930;48.8406801223, 2.22831365839;0;1;1;1;1;0;0
2488;Strasbourg-Saint-Denis;1001100090001;75102;601323;2430101;48.8692278902, 2.35452917205;0;1;1;1;1;0;0
2353;Michel-Ange-Auteuil;1001100090001;75116;594693;2427733;48.847924552, 2.26423590245;0;1;1;1;1;0;0
2190;Bonne Nouvelle;1001100090001;75109;600907;2430242;48.8704957916, 2.34886211411;0;1;1;1;1;0;0
2311;Oberkampf;1001100090001;75111;602368;2429553;48.8642999032, 2.36876264947;0;1;1;1;1;0;0
2531;Nation;1001100090001;75112;604491;2427853;48.8490101129, 2.39766460946;0;1;1;1;1;0;0
1927;Duroc;1001100100001;75107;598563;2427611;48.8468487281, 2.3169373075;0;1;1;1;1;0;0
1826;Montparnasse-Bienvenue;1001100120001;75114;599050;2427297;48.8440275954, 2.32356979388;0;1;1;1;1;0;0
2271;Mairie des Lilas;1001100110001;93045;605809;2431308;48.880051021, 2.41566020273;0;1;1;1;1;0;0
1986;Corentin-Celton;1001100120001;92040;595773;2425385;48.8268298466, 2.27896685824;0;1;1;1;1;0;0
1984;Convention;1001100120001;75115;597054;2426531;48.8371369088, 2.29639608682;0;1;1;1;1;0;0
2492;Télégraphe;1001100110001;75120;604563;2430803;48.8755224085, 2.39867650781;0;1;1;1;1;0;0
1632;Volontaires;1001100120001;75115;597906;2427007;48.8414184019, 2.30799364605;0;1;1;1;1;0;0
1938;Falguière;1001100120001;75115;598609;2427330;48.8443233422, 2.31756467285;0;1;1;1;1;0;0
2436;Pyrénées;1001100110001;75120;603551;2430613;48.8738211316, 2.38488636886;0;1;1;1;1;0;0
2439;Rambuteau;1001100110001;75104;601232;2429207;48.8611933549, 2.35328695654;0;1;1;1;1;0;0
2238;La Défense (Grande Arche);1001110010001;92062;592698;2432640;48.8920056133, 2.23698312048;1;0;1;1;1;1;4
1919;La Varenne-Chennevières;1001110010001;94068;612977;2421849;48.794933504, 2.51304475439;1;0;1;1;1;1;4
1848;Le Parc de Saint-Maur;1001110010001;94068;610958;2422982;48.8051541254, 2.48560756857;1;0;1;1;1;1;4
2480;Saint-Germain-en-Laye;1001110010001;78551;582291;2433364;48.8983085676, 2.09511210244;1;0;1;1;1;1;4
1671;Saint-Maur Créteil;1001110010001;94068;609961;2423121;48.8064195682, 2.47204504761;1;0;1;1;1;1;4
2317;Le Vésinet-Centre;1001110010001;78650;585169;2432442;48.8900956656, 2.13437461099;1;0;1;1;1;1;4
2318;Le Vésinet-Le Pecq;1001110010001;78650;584251;2433363;48.8983508533, 2.12182892211;1;0;1;1;1;1;4
2370;Nanterre-Ville;1001110010001;92050;589680;2433014;48.8953251065, 2.19584047054;1;0;1;1;1;1;4
2211;Gare de Lyon;1001110010001;75112;602742;2427384;48.8448046743, 2.37384356794;1;0;1;1;1;1;4
2523;Sartrouville;1001110010001;78586;586864;2437714;48.9375121425, 2.15731104369;1;0;1;1;1;1;4
1672;Saint-Michel Notre-Dame;1001110020001;75105;600738;2428401;48.8539502053, 2.34655673141;1;0;1;1;1;1;4
1942;Fontenay-aux-Roses;1001110020001;92032;596720;2421037;48.7877565604, 2.29189184957;1;0;1;1;1;1;4
2105;Aulnay-sous-Bois;1001110010001;93005;611496;2437109;48.9321087219, 2.49330955925;1;0;1;1;1;1;4
1866;Luxembourg;1001110020001;75105;600289;2427603;48.8467785183, 2.34044117784;0;0;1;1;1;1;4
1771;Orsay-Ville;1001110020001;91471;588627;2411017;48.6976016061, 2.18207974521;1;0;1;1;1;0;4
1775;Palaiseau;1001110020001;91477;593374;2413270;48.7179193959, 2.24650141299;1;0;1;1;1;1;4
2059;Bagneux;1001110020001;94016;598884;2421648;48.7932557555, 2.32132499298;1;0;1;1;1;1;4
2243;La Plaine-Stade de France;1001110010001;93066;601914;2435541;48.9181166004, 2.36260451523;1;0;1;1;1;1;4
1745;Porte de Montreuil;1001100090001;75120;605430;2428340;48.853379837, 2.41045818408;0;1;1;1;1;0;0
1873;Mairie de Montreuil;1001100090001;93048;607732;2429333;48.8622809456, 2.44182767579;0;1;1;1;1;0;0
2261;Exelmans;1001100090001;75116;594392;2427175;48.8429069378, 2.26014439455;0;1;1;1;1;0;0
2355;Michel-Ange-Molitor;1001100090001;75116;594522;2427414;48.8450560883, 2.26191141995;0;1;1;1;1;0;0
2440;Ranelagh;1001100090001;75116;595114;2428576;48.8555043622, 2.26995917492;0;1;1;1;1;0;0
2517;Trocadéro;1001100090001;75116;596354;2429419;48.8630890943, 2.28684037516;0;1;1;1;1;0;0
2201;Franklin-Roosevelt;1001100090001;75108;598049;2430055;48.8688125911, 2.30992632114;0;1;1;1;1;0;0
2133;Buzenval;1001100090001;75120;604765;2428119;48.8513988304, 2.40139892607;0;1;1;1;1;0;0
2183;Croix-de-Chavaux (Jacques Duclos);1001100090001;93048;607295;2428856;48.8579990325, 2.43586689234;0;1;1;1;1;0;0
8433;Porte d'Auteuil;1001100100001;75116;594213;2427767;48.8482259396, 2.25769888233;0;1;1;1;1;0;0
1903;Javel-André-Citroen;1001100100001;75115;595690;2427514;48.8459638397, 2.27781512302;0;1;1;1;1;0;0
2057;Avenue Emile-Zola;1001100100001;75115;596985;2427612;48.8468521112, 2.2954488246;0;1;1;1;1;0;0
1653;Odéon;1001100100001;75106;600173;2428219;48.8523148404, 2.338861717;0;1;1;1;1;0;0
1952;Gare d'Austerlitz;1001100100001;75113;602013;2427263;48.8437198206, 2.36391621383;0;1;1;1;1;0;0
2167;Cluny-La Sorbonne;1001100100001;75105;600626;2428050;48.8507957149, 2.34503088503;0;1;1;1;1;0;0
1753;Porte des Lilas;1001100110001;75120;605139;2430994;48.8772346759, 2.40652683971;0;1;1;1;1;0;0
1761;Rambuteau;1001100110001;75104;601232;2429207;48.8611933549, 2.35328695654;0;1;1;1;1;0;0
2431;Porte des Lilas;1001100110001;75120;605139;2430994;48.8772346759, 2.40652683971;0;1;1;1;1;0;0
2218;Goncourt (Hôpital Saint-L1s);1001100110001;75110;602515;2430189;48.8700153145, 2.37076879569;0;1;1;1;1;0;0
2289;Hôtel de Ville;1001100110001;75104;601098;2428830;48.8578053324, 2.35146077318;0;1;1;1;1;0;0
1870;Mairie d'Issy;1001100120001;92040;595376;2425109;48.8243464852, 2.27356582627;0;1;1;1;1;0;0
1691;Vaugirard (Adolphe Chérioux);1001100120001;75115;597398;2426787;48.8394392405, 2.30107803914;0;1;1;1;1;0;0
1720;Saint-Georges;1001100120001;75109;600097;2431143;48.8785939145, 2.33782696558;0;1;1;1;1;0;0
2174;Convention;1001100120001;75115;597054;2426531;48.8371369088, 2.29639608682;0;1;1;1;1;0;0
2392;Pasteur;1001100120001;75115;598249;2427164;48.8428305013, 2.31266330443;0;1;1;1;1;0;0
2263;Falguière;1001100120001;75115;598609;2427330;48.8443233422, 2.31756467285;0;1;1;1;1;0;0
2526;Rennes;1001100120001;75106;599377;2427761;48.848198228, 2.32802174529;0;1;1;1;1;0;0
2267;Jules Joffrin;1001100120001;75118;600574;2432690;48.8924969362, 2.34432840722;0;1;1;1;1;0;0
1787;Pernety;1001100130001;75114;598634;2426174;48.833933779, 2.31790896883;0;1;1;1;1;0;0
1948;Gaîté;1001100130001;75114;598972;2426710;48.8387517806, 2.32250918289;0;1;1;1;1;0;0
1827;Montparnasse-Bienvenue;1001100130001;75114;598862;2427080;48.8420769794, 2.32101044622;0;1;1;1;1;0;0
1820;Miromesnil;1001100130001;75108;598498;2430572;48.8734602847, 2.31604128558;0;1;1;1;1;0;0
1692060;Carrefour-Pleyel;1001100130001;93070;600543;2435744;48.9199434643, 2.34390941645;0;1;1;1;1;0;0
1716;Basilique de Saint-Denis;1001100130001;93066;601696;2437584;48.9364774519, 2.35963974197;0;1;1;1;1;0;0
1662795;Les Agnettes;1001100130001;92004;596294;2436076;48.9229162908, 2.28596389324;0;1;1;1;1;0;0
1662797;Asnières-Gennevilliers Les Courtilles;1001100130001;92004;596133;2436897;48.9302935821, 2.28376062986;0;1;1;1;1;0;0
2276;Malakoff-Rue Etienne Dolet;1001100130001;92020;597118;2424035;48.8147040198, 2.29728472684;0;1;1;1;1;0;0
2372;Plaisance;1001100130001;75114;598337;2425932;48.831758053, 2.31386654651;0;1;1;1;1;0;0
2397;Pernety;1001100130001;75114;598634;2426174;48.833933779, 2.31790896883;0;1;1;1;1;0;0
2293;Invalides;1001100130001;75107;598388;2429169;48.8608507489, 2.31454810929;0;1;1;1;1;0;0
2144;Champs-Elysées-Clémenceau;1001100130001;75108;598362;2429894;48.8673665297, 2.31419106006;0;1;1;1;1;0;0
2469;Saint-Lazare;1001100130001;75108;599096;2430862;48.8760677736, 2.32418809744;0;1;1;1;1;0;0
1166827;Bibliothèque-François Mitterrand;1001100140001;75113;602910;2425718;48.8298306545, 2.37612000601;1;0;1;1;1;0;1
2552;Funiculaire Gare haute;1001101000001;75118;600485;2431919;48.8855678748, 2.34311459507;1;0;0;0;0;0;1
1659;Gambetta;1001101030001;75120;604561;2429627;48.8649533218, 2.39863674401;0;1;1;1;1;0;0
2393;Pelleport;1001101030001;75120;604745;2429991;48.868223402, 2.40114727627;0;1;1;1;1;0;0
2539;Gambetta;1001101030001;75120;604561;2429627;48.8649533218, 2.39863674401;0;1;1;1;1;0;0
2075;Bolivar;1001101070001;75119;602747;2431390;48.8808081239, 2.37393711277;0;1;1;1;1;0;0
22793;Orly-Sud;1001102000001;94054;602337;2414352;48.7276754473, 2.36825867653;1;0;0;0;0;0;1
22790;Antony;1001102000001;92002;597371;2417336;48.7544948531, 2.30077014673;1;0;0;0;0;0;1
48433;Neuville-Université;1001102000001;95450;581106;2446273;49.0142832167, 2.07837982229;0;0;0;0;0;0;1
2039;Achères-Ville;1001102000001;78005;581038;2441373;48.9702479985, 2.07767192171;1;0;0;0;0;0;1
1904;Joinville-le-Pont;1001110010001;94042;609355;2424750;48.8210696376, 2.46383495297;1;0;1;1;1;1;4
2074;Boissy-Saint-Léger;1001110010001;94004;612412;2417181;48.7529886038, 2.50522284262;1;0;1;1;1;1;4
2173;Conflans-Fin d'Oise;1001102000001;78172;580802;2443477;48.9891484689, 2.07435447398;1;0;0;0;0;0;1
2274;Maisons-Laffitte;1001110010001;78358;585909;2438666;48.9460471916, 2.14425167331;1;0;1;1;1;1;4
2368;Nanterre-Préfecture;1001110010001;92050;591680;2433048;48.8956598913, 2.22310032472;1;0;1;1;1;1;4
2306;Noisiel;1001110010001;77337;620571;2427273;48.8434849935, 2.61661461052;1;0;1;1;1;1;4
2481;Saint-Maur Créteil;1001110010001;94068;609961;2423121;48.8064195682, 2.47204504761;1;0;1;1;1;1;4
2315;Le Parc de Saint-Maur;1001110010001;94068;610958;2422982;48.8051541254, 2.48560756857;1;0;1;1;1;1;4
2123;Boissy-Saint-Léger;1001110010001;94004;612412;2417181;48.7529886038, 2.50522284262;1;0;1;1;1;1;4
1663;Sevran-Beaudottes;1001110010001;93071;613745;2438853;48.9477376104, 2.52404227481;1;0;1;1;1;1;4
1664;Sevran Livry;1001110010001;93071;614531;2437578;48.9362622083, 2.53472278012;1;0;1;1;1;1;4
1918;La Plaine-Stade de France;1001110010001;93066;601914;2435541;48.9181166004, 2.36260451523;1;0;1;1;1;1;4
2045;Antony;1001110020001;92002;597378;2417373;48.7548274442, 2.30086506726;1;0;1;1;1;1;4
1853;Les Baconnets;1001110020001;92002;596401;2415655;48.7393808872, 2.28759904436;1;0;1;1;1;1;4
1810;Massy-Verrières;1001110020001;91377;595347;2415124;48.7346012614, 2.27328170666;1;0;1;1;1;1;4
1914;La Hacquinière;1001110020001;91122;586460;2410739;48.6950606912, 2.15266413344;1;0;1;1;1;1;4
48432;Aéroport Charles de Gaulle 2 TGV;1001110010001;95527;617164;2445145;49.0041985468, 2.57094642069;1;0;1;1;1;1;4
2360;Mitry-Claye;1001110010001;77294;622405;2442009;48.9758558192, 2.64236629857;1;0;1;1;1;1;4
2473;Villeparisis;1001110010001;77514;619510;2439473;48.9531603089, 2.60272851855;1;0;1;1;1;1;4
2103;La Courneuve-Aubervilliers;1001110010001;93001;603512;2436199;48.9240233942, 2.38440066136;1;0;1;1;1;1;4
2126;Gare du Nord;1001110010001;75110;601473;2431393;48.8808391651, 2.35657701202;1;0;1;1;1;1;4
2540;Sceaux;1001110020001;92071;597140;2420317;48.7812872777, 2.29760964767;1;0;1;1;1;1;4
2197;Fontenay-aux-Roses;1001110020001;92032;596720;2421037;48.7877565604, 2.29189184957;1;0;1;1;1;1;4
2348;Massy-Palaiseau;1001110020001;91377;594320;2413962;48.7241484853, 2.25934234562;1;0;1;1;1;1;4
2386;Palaiseau Villebon;1001110020001;91477;592676;2412139;48.7077458422, 2.23703952979;1;0;1;1;1;1;4
2127;Gif-sur-Yvette;1001110020001;91272;585327;2411116;48.6984244547, 2.13726749699;1;0;1;1;1;1;4
3343762;Invalides;1001100080001;75107;598395;2429196;48.8610934269, 2.31464335201;0;1;1;1;1;0;0
3343768;Opéra;1001100080001;75109;599650;2430257;48.8706310394, 2.33173704503;0;1;1;1;1;0;0
2507;Sevran-Beaudottes;1001110010001;93071;613745;2438853;48.9477376104, 2.52404227481;1;0;1;1;1;1;4
2349;Massy-Verrières;1001110020001;91377;595347;2415124;48.7346012614, 2.27328170666;1;0;1;1;1;1;4
2333;Luxembourg;1001110020001;75105;600289;2427603;48.8467785183, 2.34044117784;0;0;1;1;1;1;4
2215;Gentilly;1001110020001;94037;600321;2424150;48.8157442651, 2.34087477169;1;0;1;1;1;1;4
2246;Laplace;1001110020001;94003;599761;2423248;48.8076372956, 2.33325414336;1;0;1;1;1;1;4
2188;Drancy;1001110010001;93029;608695;2437171;48.9327097684, 2.45510534184;1;0;1;1;1;1;4
2095;Antony;1001110020001;92002;597378;2417373;48.7548274442, 2.30086506726;1;0;1;1;1;1;4
2283;La Défense (Grande Arche);1001100010001;92062;592772;2432620;48.8918267141, 2.23799203988;0;1;1;1;1;0;0
2154;Château de Vincennes;1001100010001;94080;607641;2427335;48.8443251036, 2.44055234288;0;1;1;1;1;0;0
1698;Reuilly-Diderot;1001100010001;75112;603623;2427668;48.8473528362, 2.38584253671;0;1;1;1;1;0;0
1892;Hôtel de Ville;1001100010001;75104;601143;2428780;48.8573558864, 2.35207356353;0;1;1;1;1;0;0
2331;Louvre-Rivoli;1001100010001;75101;600328;2429172;48.8608798168, 2.34097327248;0;1;1;1;1;0;0
1755;Porte Maillot;1001100010001;75117;596034;2431079;48.8780061355, 2.28246563667;0;1;1;1;1;0;0
1725;Saint-Mandé;1001100010001;94007;606058;2427546;48.8462382158, 2.41899982478;0;1;1;1;1;0;0
2048;Argentine;1001100010001;75117;596546;2430819;48.8756724452, 2.28944416115;0;1;1;1;1;0;0
2111;Bastille;1001100010001;75104;602402;2428293;48.8529756339, 2.36921882111;0;1;1;1;1;0;0
1980;Concorde;1001100010001;75108;598876;2429706;48.8656780557, 2.32119376847;0;1;1;1;1;0;0
2413;Porte d'Orléans (Général Leclerc);1001100040001;75114;599160;2424937;48.8228170194, 2.32507262181;0;1;1;1;1;0;0
1932;Eglise de Pantin;1001100050001;93055;605605;2432819;48.8936324872, 2.4129002627;0;1;1;1;1;0;0
1665;Sèvres-Lecourbe;1001100060001;75115;598117;2427405;48.8449961101, 2.31086482671;0;1;1;1;1;0;0
1641;Saint-Marcel;1001100050001;75113;601846;2426787;48.8394422381, 2.36164021079;0;1;1;1;1;0;0
1675;Stalingrad;1001100050001;75119;602264;2431762;48.8841532224, 2.36735747413;0;1;1;1;1;0;0
1922;Laumière;1001100050001;75119;603125;2431849;48.8849315698, 2.37909124357;0;1;1;1;1;0;0
2247;Laumière;1001100050001;75119;603125;2431849;48.8849315698, 2.37909124357;0;1;1;1;1;0;0
1901;Jaurès;1001100050001;75119;602501;2431620;48.8828761755, 2.37058633283;0;1;1;1;1;0;0
1789;Picpus;1001100060001;75112;604794;2427443;48.8453230738, 2.40178631043;0;1;1;1;1;0;0
1772;Ourcq;1001100050001;75119;603594;2432037;48.8866187516, 2.38548413305;0;1;1;1;1;0;0
1802;Pont de Levallois-Bécon;1001100030001;92044;595911;2433227;48.8973098644, 2.28076863947;0;1;1;1;1;0;0
2415;Porte de Bagnolet;1001100030001;75120;605309;2429559;48.8643364947, 2.4088253727;0;1;1;1;1;0;0
1760;Quatre Septembre;1001100030001;75102;599987;2430149;48.8696605314, 2.33632827831;0;1;1;1;1;0;0
2471;Rue Saint-Maur;1001100030001;75111;603699;2429403;48.8629456209, 2.38689240121;0;1;1;1;1;0;0
2285;Havre-Caumartin;1001100030001;75109;599411;2430572;48.8734618499, 2.32848048114;0;1;1;1;1;0;0
2376;République;1001100030001;75111;602021;2429882;48.8672579028, 2.36403730031;0;1;1;1;1;0;0
1935;Europe;1001100030001;75108;599007;2431195;48.8790603985, 2.32297462907;0;1;1;1;1;0;0
2260;Europe;1001100030001;75108;599007;2431195;48.8790603985, 2.32297462907;0;1;1;1;1;0;0
2493;Temple;1001100030001;75103;601840;2429827;48.866764127, 2.3615713237;0;1;1;1;1;0;0
2007;Bourse;1001100030001;75102;600306;2430049;48.8687617518, 2.34067412548;0;1;1;1;1;0;0
1736;Porte Dauphine (Maréchal de Lattre de Tassigny);1001100020001;75116;595476;2430388;48.8717921757, 2.27486995786;0;1;1;1;1;0;0
1911;La Courneuve-8-Mai-1945;1001100070001;93027;605406;2435810;48.920514466, 2.41022577579;0;1;1;1;1;0;0
1687;Trocadéro;1001100060001;75116;596385;2429372;48.8626668651, 2.28726305822;0;1;1;1;1;0;0
2543;Dugommier;1001100060001;75112;603881;2426725;48.8388761109, 2.38934738424;0;1;1;1;1;0;0
2114;Bel-Air;1001100060001;75112;604747;2427093;48.8421777857, 2.40114243097;0;1;1;1;1;0;0
1926;Dupleix;1001100060001;75115;596766;2428045;48.8507426094, 2.29246322349;0;1;1;1;1;0;0
2117;Bercy;1001100060001;75112;603156;2426871;48.8401922036, 2.37947725393;0;1;1;1;1;0;0
2323;Les Sablons (Jardin d'acclimatation);1001100010001;92051;595260;2431446;48.8812991447, 2.27191517268;0;1;1;1;1;0;0
1949;Gallieni (Parc de Bagnolet);1001100030001;93006;605834;2429440;48.8632624857, 2.41597536517;0;1;1;1;1;0;0
1728;Rue Saint-Maur;1001100030001;75111;603699;2429403;48.8629456209, 2.38689240121;0;1;1;1;1;0;0
2394;Père-Lachaise;1001100020001;75111;603726;2429427;48.8631611643, 2.38726039685;0;1;1;1;1;0;0
2168;Colonel Fabien;1001100020001;75110;602471;2431098;48.878184941, 2.3701745433;0;1;1;1;1;0;0
1766;République;1001100030001;75111;602021;2429882;48.8672579028, 2.36403730031;0;1;1;1;1;0;0
2235;La Chapelle;1001100020001;75110;601671;2431788;48.8843886576, 2.35927656094;0;1;1;1;1;0;0
2361;Monceau;1001100020001;75108;598012;2431364;48.88057685, 2.30941594283;0;1;1;1;1;0;0
1662;Sentier;1001100030001;75102;600812;2429892;48.8673503407, 2.34756723208;0;1;1;1;1;0;0
2452;Rome;1001100020001;75117;598818;2431530;48.8820707932, 2.32039833598;0;1;1;1;1;0;0
2466;Saint-Germain des Prés;1001100040001;75106;599746;2428345;48.853447197, 2.33304632271;0;1;1;1;1;0;0
1934;Etienne Marcel;1001100040001;75101;600916;2429487;48.8637103257, 2.34898319279;0;1;1;1;1;0;0
2259;Etienne Marcel;1001100040001;75101;600916;2429487;48.8637103257, 2.34898319279;0;1;1;1;1;0;0
2153;Château d'Eau;1001100040001;75110;601435;2430460;48.8724541102, 2.3560561648;0;1;1;1;1;0;0
2411;Saint-Sulpice;1001100040001;75106;599593;2428089;48.8511463143, 2.33096285303;0;1;1;1;1;0;0
2472;Saint-Michel;1001100040001;75105;600550;2428362;48.8535998671, 2.34399623776;0;1;1;1;1;0;0
2329;L1se Michel;1001100030001;92044;596445;2432332;48.8892695815, 2.28805512147;0;1;1;1;1;0;0
2525;Raspail;1001100040001;75114;599557;2426755;48.8391569407, 2.33047414783;0;1;1;1;1;0;0
2159;Alésia;1001100040001;75114;599289;2425521;48.8280659789, 2.32682741672;0;1;1;1;1;0;0
2514;Wagram;1001100030001;75117;597729;2431713;48.8837124353, 2.30555775418;0;1;1;1;1;0;0
1696;Villejuif-Paul Vaillant Couturier (Hôpital Paul Brousse);1001100070001;94076;602332;2421953;48.7959940916, 2.36823144858;0;1;1;1;1;0;0
1805;Pont Marie (Cité des Arts);1001100070001;75104;601533;2428347;48.8534635449, 2.35738396948;0;1;1;1;1;0;0
2236;La Courneuve-8-Mai-1945;1001100070001;93027;605406;2435810;48.920514466, 2.41022577579;0;1;1;1;1;0;0
1790;Pierre et Marie Curie;1001100070001;94041;603040;2424170;48.8159171408, 2.37787881315;0;1;1;1;1;0;0
1925;Le Kremlin-Bicêtre;1001100070001;94043;601861;2423554;48.8103850843, 2.36183067976;0;1;1;1;1;0;0
1681;Sully-Morland;1001100070001;75104;601816;2428050;48.850793554, 2.36123699038;0;1;1;1;1;0;0
1676;Stalingrad;1001100070001;75119;602375;2431753;48.8840719456, 2.36887005944;0;1;1;1;1;0;0
2015;Cadet;1001100070001;75109;600502;2430835;48.8758256773, 2.34334512124;0;1;1;1;1;0;0
1798;Place des Fêtes;1001100110001;75119;604157;2430937;48.8767294281, 2.39314602843;0;1;1;1;1;0;0
2137;Cardinal-Lemoine;1001100100001;75105;601089;2427595;48.8467058283, 2.35133517564;0;1;1;1;1;0;0
2207;Gare d'Austerlitz;1001100100001;75113;602013;2427263;48.8437198206, 2.36391621383;0;1;1;1;1;0;0
2115;Belleville;1001100110001;75119;602954;2430404;48.8719457572, 2.37675103804;0;1;1;1;1;0;0
1710;Rue du Bac;1001100120001;75107;599207;2428617;48.855891297, 2.32570499057;0;1;1;1;1;0;0
1886;Marx-Dormoy;1001100120001;75118;601709;2432454;48.8903740405, 2.35979700534;0;1;1;1;1;0;0
2220;Châtelet;1001100110001;75101;600827;2428947;48.8588572436, 2.34776985341;0;1;1;1;1;0;0
2266;Jourdain;1001100110001;75120;603877;2430772;48.8752482539, 2.38932943082;0;1;1;1;1;0;0
2233;Jussieu;1001100100001;75105;601325;2427490;48.8457617165, 2.35454859157;0;1;1;1;1;0;0
2533;Odéon;1001100100001;75106;600173;2428219;48.8523148404, 2.338861717;0;1;1;1;1;0;0
1879;Malakoff-Plateau de Vanves;1001100130001;92020;597166;2424896;48.8224426532, 2.297932102;0;1;1;1;1;0;0
2421;Porte de la Chapelle;1001100120001;75118;601668;2433298;48.897959305, 2.35924143528;0;1;1;1;1;0;0
1743;Porte de la Chapelle;1001100120001;75118;601668;2433298;48.897959305, 2.35924143528;0;1;1;1;1;0;0
2308;Notre-Dame de Lorette;1001100120001;75109;600185;2430943;48.876796447, 2.33902598146;0;1;1;1;1;0;0
2101;Assemblée Nationale;1001100120001;75107;598811;2429236;48.8614538635, 2.32030968717;0;1;1;1;1;0;0
2465;Saint-Georges;1001100120001;75109;600097;2431143;48.8785939145, 2.33782696558;0;1;1;1;1;0;0
2455;Rue du Bac;1001100120001;75107;599207;2428617;48.855891297, 2.32570499057;0;1;1;1;1;0;0
2282;Marx-Dormoy;1001100120001;75118;601709;2432454;48.8903740405, 2.35979700534;0;1;1;1;1;0;0
2479;Solférino;1001100120001;75107;599015;2428911;48.8585333187, 2.32308924545;0;1;1;1;1;0;0
1858;Liège;1001100130001;75108;599292;2431248;48.8795371256, 2.32685794394;0;1;1;1;1;0;0
2249;Le Guichet;1001110020001;91471;589305;2411824;48.7048670134, 2.19126558338;1;0;1;1;1;1;4
1864;Louvre-Rivoli;1001100010001;75101;600328;2429172;48.8608798168, 2.34097327248;0;1;1;1;1;0;0
1773;Palais-Royal (Musée du Louvre);1001100010001;75101;600005;2429338;48.8623717808, 2.3365735974;0;1;1;1;1;0;0
1961;George V;1001100010001;75108;597377;2430415;48.8720455787, 2.30076918231;0;1;1;1;1;0;0
1933;Esplanade de la Défense;1001100010001;92062;593648;2432233;48.8883580194, 2.24993720953;0;1;1;1;1;0;0
1784;Père-Lachaise;1001100020001;75111;603726;2429427;48.8631611643, 2.38726039685;0;1;1;1;1;0;0
1978;Colonel Fabien;1001100020001;75110;602471;2431098;48.878184941, 2.3701745433;0;1;1;1;1;0;0
1674;Stalingrad;1001100020001;75119;602240;2431766;48.8841892535, 2.36703043864;0;1;1;1;1;0;0
1795;Place de Clichy;1001100020001;75109;599330;2431684;48.8834556108, 2.32737499008;0;1;1;1;1;0;0
1707;Rome;1001100020001;75117;598818;2431530;48.8820707932, 2.32039833598;0;1;1;1;1;0;0
1684;Ternes;1001100020001;75117;597183;2431103;48.8782279997, 2.29812142925;0;1;1;1;1;0;0
2338;Nation;1001100020001;75112;604444;2427899;48.8494238601, 2.39702503497;0;1;1;1;1;0;0
2160;Alexandre-Dumas;1001100020001;75111;604262;2428678;48.8564263076, 2.39455425432;0;1;1;1;1;0;0
2548;Belleville;1001100020001;75119;602953;2430442;48.8722872798, 2.37673767399;0;1;1;1;1;0;0
2296;Jaurès;1001100020001;75119;602454;2431608;48.882768506, 2.36994579566;0;1;1;1;1;0;0
2120;Blanche;1001100020001;75118;599705;2431719;48.8837704781, 2.33248514494;0;1;1;1;1;0;0
2504;Victor Hugo;1001100020001;75116;596236;2430173;48.8698648717, 2.28522620392;0;1;1;1;1;0;0
1862;L1se Michel;1001100030001;92044;596445;2432332;48.8892695815, 2.28805512147;0;1;1;1;1;0;0
2044;Anatole-France;1001100030001;92044;596259;2432638;48.8920185856, 2.28551744146;0;1;1;1;1;0;0
2205;Gambetta;1001100030001;75120;604547;2429608;48.8647826599, 2.39844583044;0;1;1;1;1;0;0
2438;Quatre Septembre;1001100030001;75102;599987;2430149;48.8696605314, 2.33632827831;0;1;1;1;1;0;0
2313;Opéra;1001100030001;75109;599688;2430267;48.8707209355, 2.33225474024;0;1;1;1;1;0;0
1655;Marcadet-Poissonniers;1001100040001;75118;600944;2432584;48.8915438899, 2.34937111205;0;1;1;1;1;0;0
2033;Château Rouge;1001100040001;75118;600944;2432088;48.8870862423, 2.34937006992;0;1;1;1;1;0;0
1729;Saint-Michel;1001100040001;75105;600550;2428362;48.8535998671, 2.34399623776;0;1;1;1;1;0;0
1721;Saint-Germain des Prés;1001100040001;75106;599746;2428345;48.853447197, 2.33304632271;0;1;1;1;1;0;0
1735;Porte d'Orléans (Général Leclerc);1001100040001;75114;599160;2424937;48.8228170194, 2.32507262181;0;1;1;1;1;0;0
2212;Gare du Nord;1001100040001;75110;601328;2431271;48.8797430235, 2.35460080714;0;1;1;1;1;0;0
2487;Strasbourg-Saint-Denis;1001100040001;75102;601321;2430146;48.8696323244, 2.35450205976;0;1;1;1;1;0;0
2502;Vavin;1001100040001;75106;599439;2427078;48.8420598168, 2.3288670471;0;1;1;1;1;0;0
1891;Hoche;1001100050001;93055;604888;2432581;48.891499343, 2.40312495732;0;1;1;1;1;0;0
1958;Gare du Nord;1001100050001;75110;601458;2431231;48.8793832619, 2.35637207803;0;1;1;1;1;0;0
2076;Gare de l'Est (Verdun);1001100050001;75110;601596;2430945;48.8768125846, 2.35825143675;0;1;1;1;1;0;0
1759;Quai de la Rapée;1001100050001;75112;602233;2427513;48.8459659916, 2.3669131764;0;1;1;1;1;0;0
1951;Gare d'Austerlitz;1001100050001;75113;602033;2427229;48.8434141834, 2.36418838953;0;1;1;1;1;0;0
2424;Porte de Pantin;1001100050001;75119;604103;2432256;48.8885839402, 2.39242287239;0;1;1;1;1;0;0
2125;Gare de l'Est (Verdun);1001100050001;75110;601596;2430945;48.8768125846, 2.35825143675;0;1;1;1;1;0;0
2377;République;1001100050001;75111;602005;2429922;48.8676174458, 2.3638195181;0;1;1;1;1;0;0
2310;Oberkampf;1001100050001;75111;602399;2429523;48.8640301694, 2.36918476922;0;1;1;1;1;0;0
2081;Daumesnil (Félix Eboué);1001100060001;75112;604354;2426781;48.8393764223, 2.39578805708;0;1;1;1;1;0;0
1836;Nationale;1001100060001;75113;601866;2426057;48.8328812479, 2.36190940468;0;1;1;1;1;0;0
1781;Pasteur;1001100060001;75115;598295;2427073;48.8420127633, 2.3132900405;0;1;1;1;1;0;0
2016;Cambronne;1001100060001;75115;597469;2427706;48.8476990674, 2.30203914034;0;1;1;1;1;0;0
2339;Nation;1001100060001;75112;604499;2427680;48.8474552216, 2.39777174028;0;1;1;1;1;0;0
2303;Nationale;1001100060001;75113;601866;2426057;48.8328812479, 2.36190940468;0;1;1;1;1;0;0
2520;Saint-Jacques;1001100060001;75114;600013;2426069;48.832991651, 2.33668289331;0;1;1;1;1;0;0
2135;Cambronne;1001100060001;75115;597469;2427706;48.8476990674, 2.30203914034;0;1;1;1;1;0;0
2537;La Motte-Picquet-Grenelle;1001100060001;75115;597155;2427853;48.8490188876, 2.29776215737;0;1;1;1;1;0;0
2251;Dupleix;1001100060001;75115;596766;2428045;48.8507426094, 2.29246322349;0;1;1;1;1;0;0
2118;Bir-Hakeim (Grenelle);1001100060001;75115;596498;2428444;48.8543271778, 2.2888101004;0;1;1;1;1;0;0
2234;Kléber;1001100060001;75116;596831;2430333;48.8713061083, 2.29333101756;0;1;1;1;1;0;0
1744;Porte de la Villette;1001100070001;75119;603605;2433251;48.8975291161, 2.38564422679;0;1;1;1;1;0;0
1985;Corentin-Cariou;1001100070001;75119;603360;2432934;48.8946815012, 2.38230219064;0;1;1;1;1;0;0
2080;Crimée;1001100070001;75119;602955;2432445;48.8902887343, 2.37677864559;0;1;1;1;1;0;0
1800;Poissonnière;1001100070001;75110;600945;2431005;48.8773530545, 2.34938142062;0;1;1;1;1;0;0
1971;Chaussée d'Antin (La Fayette);1001100070001;75109;599774;2430519;48.8729857839, 2.33342622072;0;1;1;1;1;0;0
1757;Pyramides;1001100070001;75101;599823;2429797;48.8664969463, 2.33409421193;0;1;1;1;1;0;0
1854;Les Gobelins;1001100070001;75113;601144;2426418;48.836127399, 2.3520811145;0;1;1;1;1;0;0
1876;Maison Blanche;1001100070001;75113;601585;2424944;48.8228787343, 2.35807989096;0;1;1;1;1;0;0
1695;Villejuif-L1s Aragon;1001100070001;94076;602250;2420912;48.7866379703, 2.36711052405;0;1;1;1;1;0;0
2199;Fort d'Aubervilliers;1001100070001;93001;604919;2435091;48.9140567044, 2.40357633118;0;1;1;1;1;0;0
2104;Aubervilliers Pantin (4 Chemins);1001100070001;93001;604106;2433960;48.9038980068, 2.39248007534;0;1;1;1;1;0;0
2486;Stalingrad;1001100070001;75119;602375;2431753;48.8840719456, 2.36887005944;0;1;1;1;1;0;0
2314;Opéra;1001100070001;75109;599710;2430249;48.8705591758, 2.33255447872;0;1;1;1;1;0;0
2344;Pont Marie (Cité des Arts);1001100070001;75104;601533;2428347;48.8534635449, 2.35738396948;0;1;1;1;1;0;0
3343336;Lourmel;1001100080001;75115;596015;2426702;48.8386680882, 2.28224848505;0;1;1;1;1;0;0
3343761;Invalides;1001100080001;75107;598395;2429196;48.8610934269, 2.31464335201;0;1;1;1;1;0;0
3343787;Ledru-Rollin;1001100080001;75112;602895;2428095;48.8511941246, 2.37593173368;0;1;1;1;1;0;0
3343789;Faidherbe-Chaligny;1001100080001;75111;603519;2427970;48.8500676272, 2.38442876741;0;1;1;1;1;0;0
3343815;Créteil-Université;1001100080001;94028;608405;2421261;48.7897242753, 2.45083610306;0;1;1;1;1;0;0
3343339;Boucicaut;1001100080001;75115;596432;2426964;48.8410253145, 2.287923864;0;1;1;1;1;0;0
3343752;Félix Faure;1001100080001;75115;596748;2427164;48.8428245269, 2.29222496289;0;1;1;1;1;0;0
3343788;Ledru-Rollin;1001100080001;75112;602895;2428095;48.8511941246, 2.37593173368;0;1;1;1;1;0;0
3343816;Créteil-Université;1001100080001;94028;608405;2421261;48.7897242753, 2.45083610306;0;1;1;1;1;0;0
1884;Marcel Sembat;1001100090001;92012;593167;2426164;48.8338085462, 2.24348061108;0;1;1;1;1;0;0
1747;Porte de Saint-Cloud;1001100090001;75116;594057;2426581;48.8375652937, 2.25559127111;0;1;1;1;1;0;0
2043;Alma-Marceau;1001100090001;75116;597412;2429553;48.8642986303, 2.30125140712;0;1;1;1;1;0;0
1730;Saint-Philippe du Roule;1001100090001;75108;598111;2430462;48.872470625, 2.3107690979;0;1;1;1;1;0;0
1715;Saint-Augustin;1001100090001;75108;598842;2430675;48.8743867195, 2.32072782863;0;1;1;1;1;0;0
1972;Chaussée d'Antin (La Fayette);1001100090001;75109;599746;2430505;48.8728599486, 2.33304474759;0;1;1;1;1;0;0
2032;Charonne;1001100090001;75111;603563;2428479;48.8546420067, 2.38503219;0;1;1;1;1;0;0
1651;Nation;1001100090001;75112;604491;2427853;48.8490101129, 2.39766460946;0;1;1;1;1;0;0
1882;Maraîchers;1001100090001;75120;605131;2428253;48.8526003616, 2.40638498623;0;1;1;1;1;0;0
3343764;Concorde;1001100080001;75108;598815;2429687;48.8655071808, 2.32036285253;0;1;1;1;1;0;0
2227;Chaussée d'Antin (La Fayette);1001100090001;75109;599746;2430505;48.8728599486, 2.33304474759;0;1;1;1;1;0;0
2457;Grands Boulevards;1001100090001;75109;600492;2430355;48.8715117763, 2.34320837421;0;1;1;1;1;0;0
2447;Richelieu-Drouot;1001100090001;75109;600207;2430420;48.872096083, 2.33932555252;0;1;1;1;1;0;0
2454;Rue des Boulets;1001100090001;75111;603863;2428210;48.8522226724, 2.38911564759;0;1;1;1;1;0;0
2286;Havre-Caumartin;1001100090001;75109;599447;2430568;48.8734259358, 2.32897096996;0;1;1;1;1;0;0
2358;Miromesnil;1001100090001;75108;598464;2430580;48.8735320999, 2.31557802153;0;1;1;1;1;0;0
2291;Iéna;1001100090001;75116;596883;2429559;48.8643501589, 2.29404526045;0;1;1;1;1;0;0
2461;Basilique de Saint-Denis;1001100130001;93066;601696;2437584;48.9364774519, 2.35963974197;0;1;1;1;1;0;0
140079;Saint-Denis-Université;1001100130001;93066;601872;2438656;48.9461108318, 2.36204518966;0;1;1;1;1;0;0
2366;Montparnasse-Bienvenue;1001100130001;75114;598862;2427080;48.8420769794, 2.32101044622;0;1;1;1;1;0;0
2270;Mairie de Saint-Ouen;1001100130001;93070;599797;2434818;48.9116216396, 2.33373696151;0;1;1;1;1;0;0
1166833;Gare de Lyon;1001100140001;75112;602688;2427367;48.8446521102, 2.37310814421;1;0;1;1;1;0;1
1166834;Châtelet;1001100140001;75101;600797;2428958;48.8589561406, 2.34736125188;1;0;1;1;1;0;1
2284;Guy-Môquet;1001100130001;75118;599339;2432747;48.8930090153, 2.32749583616;0;1;1;1;1;0;0
2359;Miromesnil;1001100130001;75108;598498;2430572;48.8734602847, 2.31604128558;0;1;1;1;1;0;0
1166831;Bercy;1001100140001;75112;603151;2426910;48.8405427422, 2.37940945979;1;0;1;1;1;0;1
2518;Varenne;1001100130001;75107;598403;2428673;48.8563930284, 2.31475436148;0;1;1;1;1;0;0
1963;Goncourt (Hôpital Saint-L1s);1001100110001;75110;602515;2430189;48.8700153145, 2.37076879569;0;1;1;1;1;0;0
1686;Trinité-d'Estienne d'Orves;1001100120001;75109;599655;2430891;48.8763289967, 2.33180456518;0;1;1;1;1;0;0
1841;Notre-Dame de Lorette;1001100120001;75109;600185;2430943;48.876796447, 2.33902598146;0;1;1;1;1;0;0
1750;Porte de Versailles;1001100120001;75115;596427;2425988;48.832253412, 2.28786413449;0;1;1;1;1;0;0
2100;Arts-et-Métiers;1001100110001;75103;601405;2429673;48.8653811353, 2.35564492787;0;1;1;1;1;0;0
967989;République;1001100110001;75111;601949;2429880;48.8672401446, 2.36305644261;0;1;1;1;1;0;0
1723;Saint-Lazare;1001100120001;75108;599280;2430790;48.875420937, 2.32669526874;0;1;1;1;1;0;0
1869;Madeleine;1001100120001;75108;599127;2430164;48.8697946745, 2.32461200869;0;1;1;1;1;0;0
2037;Abbesses;1001100120001;75118;600139;2431789;48.8843996742, 2.33839938084;0;1;1;1;1;0;0
1792;Pigalle;1001100120001;75118;600052;2431525;48.8820270489, 2.33721379841;0;1;1;1;1;0;0
1880;Malakoff-Rue Etienne Dolet;1001100130001;92020;597118;2424035;48.8147040198, 2.29728472684;0;1;1;1;1;0;0
1920;Lamarck-Caulaincourt;1001100120001;75118;600194;2432383;48.889738067, 2.33914908334;0;1;1;1;1;0;0
1969;Châtillon Montrouge;1001100130001;92020;597412;2423543;48.8102833227, 2.30128886764;0;1;1;1;1;0;0
3901292;Front Populaire;1001100120001;93001;602107;2434267;48.9066665471, 2.36523013252;0;1;1;1;1;0;0
2468;Saint-Lazare;1001100120001;75108;599280;2430790;48.875420937, 2.32669526874;0;1;1;1;1;0;0
1724;Saint-Lazare;1001100130001;75108;599096;2430862;48.8760677736, 2.32418809744;0;1;1;1;1;0;0
2009;Brochant;1001100130001;75117;598803;2432481;48.8906176051, 2.3201911209;0;1;1;1;1;0;0
2402;Pigalle;1001100120001;75118;600052;2431525;48.8820270489, 2.33721379841;0;1;1;1;1;0;0
1638;Varenne;1001100130001;75107;598403;2428673;48.8563930284, 2.31475436148;0;1;1;1;1;0;0
1928;Duroc;1001100130001;75107;598534;2427627;48.8469924601, 2.31654234144;0;1;1;1;1;0;0
1916;La Motte-Picquet-Grenelle;1001100100001;75115;597169;2427831;48.8488212259, 2.29795296069;0;1;1;1;1;0;0
2269;Mairie de Montreuil;1001100090001;93048;607732;2429333;48.8622809456, 2.44182767579;0;1;1;1;1;0;0
1817;Michel-Ange-Molitor;1001100100001;75116;594552;2427406;48.8449844459, 2.2623200357;0;1;1;1;1;0;0
2350;Maubert-Mutualité;1001100100001;75105;600912;2427930;48.8497168994, 2.34892555516;0;1;1;1;1;0;0
1811;Maubert-Mutualité;1001100100001;75105;600912;2427930;48.8497168994, 2.34892555516;0;1;1;1;1;0;0
1666;Sèvres-Babylone;1001100100001;75107;599237;2428066;48.8509392477, 2.32611465149;0;1;1;1;1;0;0
2256;Eglise d'Auteuil;1001100100001;75116;595138;2427728;48.8478831758, 2.2702958893;0;1;1;1;1;0;0
2346;Porte d'Auteuil;1001100100001;75116;594213;2427767;48.8482259396, 2.25769888233;0;1;1;1;1;0;0
1867;Mabillon;1001100100001;75106;599900;2428278;48.8528450929, 2.33514371518;0;1;1;1;1;0;0
1690;Vaneau;1001100100001;75107;598879;2427817;48.8487008088, 2.32123987861;0;1;1;1;1;0;0
1166829;Cour Saint-Emilion;1001100140001;75112;603731;2426106;48.8333136748, 2.38729970105;1;0;1;1;1;0;1
2551;Funiculaire Gare basse;1001101000001;75118;600491;2431810;48.8845882633, 2.34319624903;1;0;0;0;0;0;1
2434;Pré-Saint-Gervais;1001101070001;75119;604554;2431342;48.8803666123, 2.39855961042;0;1;1;1;1;0;0
1797;Place des Fêtes;1001101070001;75119;604143;2430992;48.877223818, 2.39295580413;0;1;1;1;1;0;0
1783;Pelleport;1001101030001;75120;604745;2429991;48.868223402, 2.40114727627;0;1;1;1;1;0;0
1635;Danube;1001101070001;75119;604151;2431524;48.8820049904, 2.39306995598;0;1;1;1;1;0;0
2482;Saint-Michel Notre-Dame;1001110020001;75105;600738;2428401;48.8539502053, 2.34655673141;1;0;1;1;1;1;4
2223;Châtelet-Les Halles;1001110020001;75101;600756;2429274;48.8617962067, 2.34680332537;1;0;1;1;1;1;4
2187;Denfert-Rochereau;1001110020001;75114;599775;2426105;48.8333151451, 2.3334427605;1;0;1;1;1;1;4
1912;La Croix-de-Berny;1001110020001;92002;597621;2418187;48.7621447507, 2.30416361167;0;0;1;1;1;0;4
1809;Massy-Palaiseau;1001110020001;91377;594320;2413962;48.7241484853, 2.25934234562;1;0;1;1;1;1;4
2195;Bourg-la-Reine;1001110020001;92014;598210;2420179;48.780050897, 2.31216262263;1;0;1;1;1;1;4
1865;Lozère;1001110020001;91477;590800;2411953;48.7060497522, 2.21156541289;1;0;1;1;1;1;4
2108;Bagneux;1001110020001;94016;598884;2421648;48.7932557555, 2.32132499298;1;0;1;1;1;1;4
1894;H1lles Carrières-sur-Seine;1001110010001;78311;588847;2435833;48.9206455546, 2.18441175202;1;0;1;1;1;1;4
2084;Charles de Gaulle-Etoile;1001110010001;75117;596959;2430651;48.8741647041, 2.2950725596;1;0;1;1;1;1;4
1913;La Défense (Grande Arche);1001110010001;92062;592698;2432640;48.8920056133, 2.23698312048;1;0;1;1;1;1;4
1967;Châtelet-Les Halles;1001110010001;75101;600759;2429237;48.8614636698, 2.34684412827;1;0;1;1;1;1;4
1878;Maisons-Laffitte;1001110010001;78358;585909;2438666;48.9460471916, 2.14425167331;1;0;1;1;1;1;4
1956;Gare de Lyon;1001110010001;75112;602742;2427384;48.8448046743, 2.37384356794;1;0;1;1;1;1;4
2328;L1s Blanc;1001101070001;75110;602127;2431436;48.8812238387, 2.36548893272;0;1;1;1;1;0;0
22794;Orly-Sud;1001102000001;94054;602337;2414352;48.7276754473, 2.36825867653;1;0;0;0;0;0;1
22789;Antony;1001102000001;92002;597371;2417336;48.7544948531, 2.30077014673;1;0;0;0;0;0;1
1835;Nation;1001110010001;75112;604425;2427794;48.8484803036, 2.39676520624;1;0;1;1;1;1;4
2290;H1lles Carrières-sur-Seine;1001110010001;78311;588847;2435833;48.9206455546, 2.18441175202;1;0;1;1;1;1;4
2545;Charles de Gaulle-Etoile;1001110010001;75117;596959;2430651;48.8741647041, 2.2950725596;1;0;1;1;1;1;4
2369;Nanterre-Université;1001110010001;92050;590998;2433642;48.9009889733, 2.21379170886;0;0;1;1;1;1;4
1837;Neuilly-Plaisance;1001110010001;93049;612999;2428356;48.8534156686, 2.51354258498;1;0;1;1;1;1;4
2225;Chatou-Croissy;1001110010001;78146;586727;2431887;48.8851420309, 2.15562586369;1;0;1;1;1;1;4
1838;Nogent-sur-Marne;1001110010001;94052;609929;2426313;48.8351087334, 2.47168391283;1;0;1;1;1;1;4
2010;Bry-sur-Marne;1001110010001;94015;613956;2427370;48.844534026, 2.52654384297;1;0;1;1;1;1;4
2458;Rueil-Malmaison;1001110010001;92063;587828;2432116;48.8872220198, 2.1706232016;1;0;1;1;1;1;4
2024;Champigny;1001110010001;94068;612743;2423195;48.8070357613, 2.50990166505;1;0;1;1;1;1;4
2340;Poissy;1001110010001;78498;578342;2437256;48.9331642217, 2.04108350764;1;0;1;1;1;1;4
1968;Châtelet-Les Halles;1001110020001;75101;600756;2429274;48.8617962067, 2.34680332537;1;0;1;1;1;1;4
2304;Neuilly-Plaisance;1001110010001;93049;612999;2428356;48.8534156686, 2.51354258498;1;0;1;1;1;1;4
2499;Val de Fontenay;1001110010001;94033;611169;2428366;48.8535398247, 2.48861963891;1;0;1;1;1;1;4
2490;Sucy Bonneuil;1001110010001;94071;612576;2419191;48.7710514922, 2.50751126501;1;0;1;1;1;1;4
2077;Gare du Nord;1001110010001;75110;601473;2431393;48.8808391651, 2.35657701202;1;0;1;1;1;1;4
2070;Blanc-Mesnil;1001110010001;93007;610282;2437117;48.9322011293, 2.47675086789;1;0;1;1;1;1;4
1650;Port Royal;1001110020001;75105;600027;2426836;48.8398851252, 2.33687343756;1;0;1;1;1;1;4
1705;Robinson;1001110020001;92071;595923;2420178;48.7800312802, 2.28105937514;1;0;1;1;1;1;4
1960;Gentilly;1001110020001;94037;600321;2424150;48.8157442651, 2.34087477169;1;0;1;1;1;1;4
1660;Sceaux;1001110020001;92071;597140;2420317;48.7812872777, 2.29760964767;1;0;1;1;1;1;4
2178;Courcelle-sur-Yvette;1001110020001;91272;582517;2411384;48.7007629772, 2.09910052373;1;0;1;1;1;1;4
2239;La Hacquinière;1001110020001;91122;586460;2410739;48.6950606912, 2.15266413344;1;0;1;1;1;1;4
2231;Fontaine-Michalon;1001110020001;92002;597098;2416161;48.7439325227, 2.29706733128;1;0;1;1;1;1;4
2237;La Croix-de-Berny;1001110020001;92002;597621;2418187;48.7621447507, 2.30416361167;0;0;1;1;1;0;4
2388;Parc de Sceaux;1001110020001;92002;598039;2419130;48.770621955, 2.30984199318;1;0;1;1;1;1;4
2320;Les Baconnets;1001110020001;92002;596401;2415655;48.7393808872, 2.28759904436;1;0;1;1;1;1;4
2381;Orsay-Ville;1001110020001;91471;588627;2411017;48.6976016061, 2.18207974521;1;0;1;1;1;0;4
2450;Robinson;1001110020001;92071;595923;2420178;48.7800312802, 2.28105937514;1;0;1;1;1;1;4
